sub_id_2,total_cost,total_revenue,total_profit,total_clicks,total_conversions,total_roi,total_conversion_rate,total_cpc
120222339848160262,262.47,313.2,50.73,880,116,19.33,13.18,0.3
120222339862650262,841.72,928.8,87.08,2506,344,10.35,13.73,0.34
120226717370310519,16.97,8.6,-8.37,46,2,-49.32,4.35,0.37
120226717449140519,248.89,253.7,4.81,640,59,1.93,9.22,0.39
120226717469630519,72.77,64.5,-8.27,177,15,-11.36,8.47,0.41
120226717692440519,87.09,98.9,11.81,293,23,13.56,7.85,0.3
120226718909030519,141.81,111.8,-30.01,320,26,-21.16,8.12,0.44
120227403362750519,4.39,8.8,4.41,20,2,100.46,10.0,0.22
120227403387550519,319.89,364.6,44.71,971,84,13.98,8.65,0.33
120227403416390519,4.15,4.3,0.15,16,1,3.61,6.25,0.26
120227403451780519,136.68,161.1,24.42,369,37,17.87,10.03,0.37
120227403475770519,163.06,199.8,36.74,449,46,22.53,10.24,0.36
120227403633860519,0.59,0.0,-0.59,3,0,-100.0,0.0,0.2
120227403688350519,306.93,360.3,53.37,758,83,17.39,10.95,0.4
120227403756860519,7.8,0.0,-7.8,19,0,-100.0,0.0,0.41
120227403775700519,40.25,38.7,-1.55,106,9,-3.85,8.49,0.38
120227403860350519,88.58,91.3,2.72,255,21,3.07,8.24,0.35
120227403912540519,86.08,107.9,21.82,218,25,25.35,11.47,0.39
120227403971370519,16.03,8.8,-7.23,34,2,-45.1,5.88,0.47
120227404025090519,1.45,0.0,-1.45,7,0,-100.0,0.0,0.21
120227404131140519,36.64,39.1,2.46,98,9,6.71,9.18,0.37
120227404669260519,0.04,4.3,4.26,2,1,10650.0,50.0,0.02
120227446507070519,3.03,0.0,-3.03,6,0,-100.0,0.0,0.51
120227446525690519,8.67,4.3,-4.37,24,1,-50.4,4.17,0.36
120227446531040519,1.91,0.0,-1.91,2,0,-100.0,0.0,0.95
120227446537340519,9.34,4.3,-5.04,14,1,-53.96,7.14,0.67
120227446554490519,7.08,0.0,-7.08,17,0,-100.0,0.0,0.42
120227446564160519,1.8,0.0,-1.8,5,0,-100.0,0.0,0.36
120227446572630519,22.16,17.2,-4.96,47,4,-22.38,8.51,0.47
120227446579910519,7.6,0.0,-7.6,13,0,-100.0,0.0,0.58
120227446587530519,2.83,4.3,1.47,6,1,51.94,16.67,0.47
120227446597880519,70.92,65.3,-5.62,153,15,-7.92,9.8,0.46
120227446608970519,26.91,21.5,-5.41,47,5,-20.1,10.64,0.57
120227446625420519,13.96,4.3,-9.66,22,1,-69.2,4.55,0.63
120227446642870519,4.93,0.0,-4.93,12,0,-100.0,0.0,0.41
120227446653550519,4.58,0.0,-4.58,10,0,-100.0,0.0,0.46
120227446666270519,26.34,25.8,-0.54,54,6,-2.05,11.11,0.49
120227446674910519,5.08,0.0,-5.08,7,0,-100.0,0.0,0.73
120227446683740519,15.34,8.6,-6.74,33,2,-43.94,6.06,0.46
120227446692610519,16.98,12.9,-4.08,43,3,-24.03,6.98,0.39
120227446699350519,15.64,8.6,-7.04,36,2,-45.01,5.56,0.43
120227446708810519,6.24,4.3,-1.94,12,1,-31.09,8.33,0.52
120227446712930519,4.85,0.0,-4.85,14,0,-100.0,0.0,0.35
120227494926910519,3.01,0.0,-3.01,1,0,-100.0,0.0,3.01
120227494943770519,18.53,8.6,-9.93,36,2,-53.59,5.56,0.51
120227494975920519,3.51,0.0,-3.51,3,0,-100.0,0.0,1.17
120227495002550519,2.18,0.0,-2.18,3,0,-100.0,0.0,0.73
120227495025230519,3.42,4.3,0.88,5,1,25.73,20.0,0.68
120227495044230519,19.83,17.2,-2.63,41,4,-13.26,9.76,0.48
120227495058060519,1.57,0.0,-1.57,1,0,-100.0,0.0,1.57
120227495072290519,6.0,4.3,-1.7,14,1,-28.33,7.14,0.43
120227495106100519,5.25,0.0,-5.25,2,0,-100.0,0.0,2.62
120227495178300519,3.09,0.0,-3.09,2,0,-100.0,0.0,1.54
120227495272360519,5.97,4.3,-1.67,7,1,-27.97,14.29,0.85
120227495341490519,83.13,82.3,-0.83,194,19,-1.0,9.79,0.43
120227495398510519,14.9,8.6,-6.3,18,2,-42.28,11.11,0.83
120227495443050519,7.73,0.0,-7.73,11,0,-100.0,0.0,0.7
120227495473240519,1.93,0.0,-1.93,1,0,-100.0,0.0,1.93
120227495511630519,5.21,0.0,-5.21,1,0,-100.0,0.0,5.21
120227495527570519,4.32,4.3,-0.02,7,1,-0.46,14.29,0.62
120227495539540519,2.7,0.0,-2.7,1,0,-100.0,0.0,2.7
120227495593960519,6.42,4.3,-2.12,13,1,-33.02,7.69,0.49
120227495627670519,25.22,25.8,0.58,50,6,2.3,12.0,0.5
120227495645240519,2.93,0.0,-2.93,2,0,-100.0,0.0,1.47
120227495663670519,1.68,0.0,-1.68,1,0,-100.0,0.0,1.68
120227651108530519,24.12,22.1,-2.02,64,5,-8.37,7.81,0.38
120227651124530519,5.48,0.0,-5.48,15,0,-100.0,0.0,0.37
120227651146890519,16.14,8.6,-7.54,43,2,-46.72,4.65,0.38
120227651169990519,5.49,0.0,-5.49,17,0,-100.0,0.0,0.32
120227651186670519,5.39,0.0,-5.39,17,0,-100.0,0.0,0.32
120227651204990519,7.9,4.3,-3.6,31,1,-45.57,3.23,0.25
120227651219030519,8.04,4.3,-3.74,14,1,-46.52,7.14,0.57
120227651229760519,45.14,48.1,2.96,125,11,6.56,8.8,0.36
120227651241190519,7.78,4.3,-3.48,26,1,-44.73,3.85,0.3
120227651257570519,16.56,8.6,-7.96,43,2,-48.07,4.65,0.39
120227651270210519,31.85,30.5,-1.35,86,7,-4.24,8.14,0.37
120227651298790519,7.55,4.3,-3.25,15,1,-43.05,6.67,0.5
120227651320130519,7.27,4.3,-2.97,25,1,-40.85,4.0,0.29
120227651341240519,32.64,30.5,-2.14,74,7,-6.56,9.46,0.44
120227651364600519,5.87,0.0,-5.87,9,0,-100.0,0.0,0.65
120227651388210519,38.16,43.4,5.24,135,10,13.73,7.41,0.28
120227651410110519,7.7,4.3,-3.4,27,1,-44.16,3.7,0.29
120227651433630519,5.55,0.0,-5.55,14,0,-100.0,0.0,0.4
120227651452800519,29.97,30.5,0.53,102,7,1.77,6.86,0.29
120227651473720519,23.76,30.7,6.94,80,7,29.21,8.75,0.3
120227651490870519,35.61,35.2,-0.41,109,8,-1.15,7.34,0.33
120227651514030519,9.34,8.6,-0.74,27,2,-7.92,7.41,0.35
120227651539370519,8.93,4.3,-4.63,28,1,-51.85,3.57,0.32
120227651562790519,5.51,0.0,-5.51,24,0,-100.0,0.0,0.23
120227651585010519,44.81,43.6,-1.21,132,10,-2.7,7.58,0.34
120227882917030519,69.45,70.6,1.15,123,16,1.66,13.01,0.56
120227882917110519,15.53,8.8,-6.73,25,2,-43.34,8.0,0.62
120227882917120519,89.76,88.2,-1.56,184,20,-1.74,10.87,0.49
120227882917130519,9.96,4.3,-5.66,25,1,-56.83,4.0,0.4
120227882917140519,9.12,4.5,-4.62,19,1,-50.66,5.26,0.48
120227960912670075,152.9,186.44,33.54,787,54,21.94,6.86,0.19
120227961677460075,26.19,20.45,-5.74,96,6,-21.92,6.25,0.27
120227961698160075,15.12,6.82,-8.3,73,2,-54.89,2.74,0.21
120227961727090075,332.62,290.15,-42.47,1280,85,-12.77,6.64,0.26
120227961761710075,12.28,6.81,-5.47,44,2,-44.54,4.55,0.28
120228120197690519,4.46,0.0,-4.46,13,0,-100.0,0.0,0.34
120228120886480519,4.54,4.3,-0.24,10,1,-5.29,10.0,0.45
120228120886490519,1.66,0.0,-1.66,5,0,-100.0,0.0,0.33
120228120886500519,10.68,13.1,2.42,38,3,22.66,7.89,0.28
120228120886520519,8.01,0.0,-8.01,34,0,-100.0,0.0,0.24
120228287111870289,12.11,18.0,5.89,41,4,48.64,9.76,0.3
120228287166060289,11.44,9.0,-2.44,27,2,-21.33,7.41,0.42
120228287326800289,7.93,4.5,-3.43,16,1,-43.25,6.25,0.5
120228287353760289,7.58,4.5,-3.08,22,1,-40.63,4.55,0.34
120228287382980289,12.35,22.5,10.15,42,5,82.19,11.9,0.29
120228287573670289,5.15,0.0,-5.15,9,0,-100.0,0.0,0.57
120228287622450289,5.8,0.0,-5.8,10,0,-100.0,0.0,0.58
120228287661040289,5.67,0.0,-5.67,12,0,-100.0,0.0,0.47
120228287701670289,7.93,4.5,-3.43,17,1,-43.25,5.88,0.47
120228287730570289,5.86,0.0,-5.86,12,0,-100.0,0.0,0.49
120228469622170289,0.79,0.0,-0.79,1,0,-100.0,0.0,0.79
120228469822270289,0.4,0.0,-0.4,2,0,-100.0,0.0,0.2
120228469822280289,0.81,4.5,3.69,5,1,455.56,20.0,0.16
120228469822290289,0.74,0.0,-0.74,4,0,-100.0,0.0,0.18
120228469822300289,1.46,0.0,-1.46,2,0,-100.0,0.0,0.73
120228519073840400,0.13,0.0,-0.13,3,0,-100.0,0.0,0.04
120228519116110400,323.2,433.91,110.71,2104,229,34.25,10.88,0.15
120228657841630210,0.0,0.0,0.0,2,0,0.0,0.0,0.0
120228794103040368,8.38,4.5,-3.88,19,1,-46.3,5.26,0.44
120228794116620368,5.86,0.0,-5.86,9,0,-100.0,0.0,0.65
120228794133740368,2.06,0.0,-2.06,5,0,-100.0,0.0,0.41
120228794152630368,8.01,4.3,-3.71,5,1,-46.32,20.0,1.6
120228794211120368,3.58,0.0,-3.58,3,0,-100.0,0.0,1.19
120228794260370368,31.77,26.2,-5.57,68,6,-17.53,8.82,0.47
120228794347600368,8.35,4.5,-3.85,6,1,-46.11,16.67,1.39
120228794356740368,16.33,9.0,-7.33,26,2,-44.89,7.69,0.63
120228794376350368,0.77,0.0,-0.77,2,0,-100.0,0.0,0.39
120228794388540368,1.87,0.0,-1.87,3,0,-100.0,0.0,0.62
120228794404150368,6.65,8.8,2.15,16,2,32.33,12.5,0.42
120228794412840368,4.25,0.0,-4.25,8,0,-100.0,0.0,0.53
120228794556640368,7.45,0.0,-7.45,11,0,-100.0,0.0,0.68
120228794611730368,4.16,0.0,-4.16,6,0,-100.0,0.0,0.69
120228794635020368,3.72,0.0,-3.72,11,0,-100.0,0.0,0.34
120228794801360368,17.59,4.5,-13.09,22,1,-74.42,4.55,0.8
120228794832750368,30.69,26.4,-4.29,43,6,-13.98,13.95,0.71
120228794856310368,16.75,8.8,-7.95,29,2,-47.46,6.9,0.58
120228794891500368,0.34,0.0,-0.34,1,0,-100.0,0.0,0.34
120228794983040368,37.7,12.9,-24.8,43,3,-65.78,6.98,0.88
120228795034410368,4.3,0.0,-4.3,6,0,-100.0,0.0,0.72
120228795085410368,16.25,4.5,-11.75,26,1,-72.31,3.85,0.62
120228795131770368,3.33,0.0,-3.33,2,0,-100.0,0.0,1.67
120228985742890368,21.37,21.7,0.33,38,5,1.54,13.16,0.56
120228987067740368,5.25,0.0,-5.25,2,0,-100.0,0.0,2.62
120228987067750368,10.71,4.5,-6.21,24,1,-57.98,4.17,0.45
120228987067870368,8.14,0.0,-8.14,9,0,-100.0,0.0,0.9
120228987067960368,5.48,0.0,-5.48,4,0,-100.0,0.0,1.37
120228987231020368,12.28,4.3,-7.98,21,1,-64.98,4.76,0.58
120228987231420368,5.76,0.0,-5.76,12,0,-100.0,0.0,0.48
120228987231430368,8.58,4.5,-4.08,14,1,-47.55,7.14,0.61
120228987231440368,6.51,0.0,-6.51,12,0,-100.0,0.0,0.54
120228987231450368,7.94,4.5,-3.44,15,1,-43.32,6.67,0.53
120228987231460368,38.39,30.7,-7.69,72,7,-20.03,9.72,0.53
120228987231470368,7.25,0.0,-7.25,13,0,-100.0,0.0,0.56
120228987231480368,22.26,21.9,-0.36,27,5,-1.62,18.52,0.82
120228987231490368,7.02,4.5,-2.52,6,1,-35.9,16.67,1.17
120228987231510368,7.37,0.0,-7.37,13,0,-100.0,0.0,0.57
120228987232130368,5.77,0.0,-5.77,13,0,-100.0,0.0,0.44
120228987232170368,6.42,4.3,-2.12,13,1,-33.02,7.69,0.49
120228987232180368,12.48,4.3,-8.18,13,1,-65.54,7.69,0.96
120228987232190368,7.34,4.3,-3.04,14,1,-41.42,7.14,0.52
120228987232200368,6.44,0.0,-6.44,8,0,-100.0,0.0,0.81
120228987232210368,32.86,13.3,-19.56,66,3,-59.53,4.55,0.5
120228987232220368,9.87,4.3,-5.57,13,1,-56.43,7.69,0.76
120228987232230368,20.88,13.3,-7.58,26,3,-36.3,11.54,0.8
120228987232240368,7.56,0.0,-7.56,8,0,-100.0,0.0,0.94
120228987232250368,8.59,4.5,-4.09,22,1,-47.61,4.55,0.39
120229247006710075,6.05,3.41,-2.64,24,1,-43.64,4.17,0.25
120229247246370075,45.96,48.11,2.15,231,14,4.68,6.06,0.2
120229247246380075,21.05,20.46,-0.59,107,6,-2.8,5.61,0.2
120229247246500075,57.44,76.52,19.08,329,22,33.22,6.69,0.17
120229247246590075,6.06,3.41,-2.65,29,1,-43.73,3.45,0.21
120229247263570075,6.43,3.41,-3.02,33,1,-46.97,3.03,0.19
120229247264600075,34.23,23.84,-10.39,146,7,-30.35,4.79,0.23
120229247264610075,5.72,0.0,-5.72,34,0,-100.0,0.0,0.17
120229247264620075,5.62,0.0,-5.62,28,0,-100.0,0.0,0.2
120229247264630075,5.78,0.0,-5.78,24,0,-100.0,0.0,0.24
120229247264640075,112.17,127.78,15.61,498,37,13.92,7.43,0.23
120229247264650075,5.88,3.41,-2.47,45,1,-42.01,2.22,0.13
120229247264660075,5.1,0.0,-5.1,31,0,-100.0,0.0,0.16
120229247264670075,14.12,13.68,-0.44,92,4,-3.12,4.35,0.15
120229247264680075,21.6,20.43,-1.17,100,6,-5.42,6.0,0.22
120229247264690075,21.97,13.68,-8.29,103,4,-37.73,3.88,0.21
120229247264700075,6.32,3.41,-2.91,44,1,-46.04,2.27,0.14
120229247264720075,6.7,3.41,-3.29,24,1,-49.1,4.17,0.28
120229247264730075,27.14,30.92,3.78,137,9,13.93,6.57,0.2
120229247264740075,9.13,3.41,-5.72,36,1,-62.65,2.78,0.25
120229247264750075,75.96,124.98,49.02,381,36,64.53,9.45,0.2
120229247264760075,6.03,0.0,-6.03,31,0,-100.0,0.0,0.19
120229247264770075,75.23,93.68,18.45,412,27,24.52,6.55,0.18
120229247264780075,6.01,3.41,-2.6,26,1,-43.26,3.85,0.23
120229247264790075,5.31,0.0,-5.31,39,0,-100.0,0.0,0.14
120229697101710210,8.84,4.3,-4.54,25,1,-51.36,4.0,0.35
120229697133120210,24.52,21.5,-3.02,76,5,-12.32,6.58,0.32
120229697186550210,6.56,0.0,-6.56,19,0,-100.0,0.0,0.35
120229697218820210,21.49,12.9,-8.59,61,3,-39.97,4.92,0.35
120229856130070075,1.18,0.0,-1.18,2,0,-100.0,0.0,0.59
120229856581750075,0.78,0.0,-0.78,2,0,-100.0,0.0,0.39
120229856581760075,1.05,0.0,-1.05,1,0,-100.0,0.0,1.05
120229856581880075,0.36,0.0,-0.36,1,0,-100.0,0.0,0.36
120229856581970075,0.73,0.0,-0.73,1,0,-100.0,0.0,0.73
120229946704700186,5.33,0.0,-5.33,10,0,-100.0,0.0,0.53
120229946710720186,8.79,9.0,0.21,15,2,2.39,13.33,0.59
120229946715270186,7.73,4.5,-3.23,17,1,-41.79,5.88,0.45
120229946731480186,43.18,45.0,1.82,74,10,4.21,13.51,0.58
120229946766680186,5.63,0.0,-5.63,10,0,-100.0,0.0,0.56
120229946777140186,7.9,4.5,-3.4,9,1,-43.04,11.11,0.88
120229946793180186,7.59,4.5,-3.09,21,1,-40.71,4.76,0.36
120229946816300186,5.34,0.0,-5.34,3,0,-100.0,0.0,1.78
120229946833630186,7.62,4.5,-3.12,16,1,-40.94,6.25,0.48
120229946850180186,18.87,4.5,-14.37,20,1,-76.15,5.0,0.94
120229974434260210,7.62,4.3,-3.32,15,1,-43.57,6.67,0.51
120229974458870210,5.4,0.0,-5.4,11,0,-100.0,0.0,0.49
120229974485210210,99.99,133.3,33.31,321,31,33.31,9.66,0.31
120229974499640210,9.53,4.3,-5.23,24,1,-54.88,4.17,0.4
120229974527910210,31.76,34.4,2.64,86,8,8.31,9.3,0.37
120229974588880210,7.27,4.3,-2.97,13,1,-40.85,7.69,0.56
120229974707850210,5.09,0.0,-5.09,5,0,-100.0,0.0,1.02
120229974756830210,15.56,4.3,-11.26,37,1,-72.37,2.7,0.42
120229974813410210,4.92,0.0,-4.92,14,0,-100.0,0.0,0.35
120229974881440210,138.67,146.2,7.53,454,34,5.43,7.49,0.31
120229974925460210,98.47,124.7,26.23,261,29,26.64,11.11,0.38
120229974966910210,23.15,17.2,-5.95,76,4,-25.7,5.26,0.3
120229975053700210,8.29,4.3,-3.99,21,1,-48.13,4.76,0.39
120229975103780210,23.46,21.5,-1.96,39,5,-8.35,12.82,0.6
120229975176080210,77.79,73.1,-4.69,205,17,-6.03,8.29,0.38
120229975205800210,20.75,17.2,-3.55,47,4,-17.11,8.51,0.44
120229975257320210,5.42,0.0,-5.42,10,0,-100.0,0.0,0.54
120229975436120210,22.19,17.2,-4.99,47,4,-22.49,8.51,0.47
120229975477180210,26.38,30.1,3.72,86,7,14.1,8.14,0.31
120229975537380210,4.78,0.0,-4.78,8,0,-100.0,0.0,0.6
120229975582590210,41.61,38.7,-2.91,152,9,-6.99,5.92,0.27
120229975613500210,5.35,0.0,-5.35,11,0,-100.0,0.0,0.49
120229975648860210,22.3,21.5,-0.8,57,5,-3.59,8.77,0.39
120229975683760210,20.57,12.9,-7.67,40,3,-37.29,7.5,0.51
120229997299340186,3.21,0.0,-3.21,6,0,-100.0,0.0,0.54
120229997310260186,3.63,0.0,-3.63,9,0,-100.0,0.0,0.4
120229997321830186,4.63,0.0,-4.63,11,0,-100.0,0.0,0.42
120229997341280186,4.67,0.0,-4.67,11,0,-100.0,0.0,0.42
120229997396810186,4.51,0.0,-4.51,3,0,-100.0,0.0,1.5
120229997410070186,4.64,0.0,-4.64,8,0,-100.0,0.0,0.58
120229997517470186,4.55,0.0,-4.55,6,0,-100.0,0.0,0.76
120229997537890186,4.21,0.0,-4.21,8,0,-100.0,0.0,0.53
120229997562030186,4.41,0.0,-4.41,13,0,-100.0,0.0,0.34
120229997580390186,3.12,0.0,-3.12,4,0,-100.0,0.0,0.78
120229997612310186,4.53,0.0,-4.53,6,0,-100.0,0.0,0.76
120229997634760186,4.16,0.0,-4.16,5,0,-100.0,0.0,0.83
120229997655830186,3.22,0.0,-3.22,3,0,-100.0,0.0,1.07
120229997676210186,3.08,0.0,-3.08,1,0,-100.0,0.0,3.08
120229997692580186,7.64,13.5,5.86,21,3,76.7,14.29,0.36
120229997722340186,7.54,4.5,-3.04,11,1,-40.32,9.09,0.69
120229997737840186,4.04,0.0,-4.04,8,0,-100.0,0.0,0.51
120229997751390186,4.77,0.0,-4.77,5,0,-100.0,0.0,0.95
120229997761670186,4.38,0.0,-4.38,10,0,-100.0,0.0,0.44
120229997794950186,4.41,0.0,-4.41,7,0,-100.0,0.0,0.63
120230190686700235,16.43,9.0,-7.43,39,2,-45.22,5.13,0.42
120230191601320235,23.97,18.0,-5.97,33,4,-24.91,12.12,0.73
120230191601340235,5.09,0.0,-5.09,13,0,-100.0,0.0,0.39
120230191601350235,5.2,0.0,-5.2,9,0,-100.0,0.0,0.58
120230191601460235,7.78,4.5,-3.28,20,1,-42.16,5.0,0.39
120230191643540235,7.69,4.5,-3.19,18,1,-41.48,5.56,0.43
120230191644560235,9.41,13.5,4.09,23,3,43.46,13.04,0.41
120230191644590235,8.19,9.0,0.81,22,2,9.89,9.09,0.37
120230191644600235,22.82,17.8,-5.02,64,4,-22.0,6.25,0.36
120230191644610235,5.97,0.0,-5.97,27,0,-100.0,0.0,0.22
120230191644620235,7.96,4.3,-3.66,23,1,-45.98,4.35,0.35
120230191644630235,17.4,18.0,0.6,20,4,3.45,20.0,0.87
120230191644640235,27.76,26.8,-0.96,52,6,-3.46,11.54,0.53
120230191644650235,27.81,27.0,-0.81,51,6,-2.91,11.76,0.55
120230191644660235,43.03,67.1,24.07,92,15,55.94,16.3,0.47
120230191644670235,45.82,45.0,-0.82,67,10,-1.79,14.93,0.68
120230191644690235,27.24,31.1,3.86,47,7,14.17,14.89,0.58
120230191644700235,5.78,0.0,-5.78,10,0,-100.0,0.0,0.58
120230191644710235,5.27,0.0,-5.27,2,0,-100.0,0.0,2.63
120230191644720235,5.27,0.0,-5.27,12,0,-100.0,0.0,0.44
120230191644730235,27.71,27.0,-0.71,49,6,-2.56,12.24,0.57
120230191644740235,6.64,0.0,-6.64,18,0,-100.0,0.0,0.37
120230191644750235,8.26,4.5,-3.76,19,1,-45.52,5.26,0.43
120230191644760235,33.5,49.1,15.6,69,11,46.57,15.94,0.49
120230191644770235,8.88,4.5,-4.38,17,1,-49.32,5.88,0.52
120230253912550153,267.66,245.7,-21.96,890,91,-8.2,10.22,0.3
120230311051570234,0.75,0.0,-0.75,2,0,-100.0,0.0,0.38
120230311927290234,1.2,0.0,-1.2,1,0,-100.0,0.0,1.2
120230311927350234,1.54,0.0,-1.54,2,0,-100.0,0.0,0.77
120230311927390234,0.62,0.0,-0.62,1,0,-100.0,0.0,0.62
120230312104730234,1.83,0.0,-1.83,2,0,-100.0,0.0,0.92
120230312105100234,2.55,0.0,-2.55,7,0,-100.0,0.0,0.36
120230312105110234,3.83,0.0,-3.83,5,0,-100.0,0.0,0.77
120230312105120234,1.99,0.0,-1.99,3,0,-100.0,0.0,0.66
120230312105130234,3.49,5.4,1.91,4,2,54.73,50.0,0.87
120230312105140234,3.49,0.0,-3.49,5,0,-100.0,0.0,0.7
120230312105160234,2.4,0.0,-2.4,4,0,-100.0,0.0,0.6
120230312105190234,2.66,2.7,0.04,3,1,1.5,33.33,0.89
120230312105840234,4.14,0.0,-4.14,6,0,-100.0,0.0,0.69
120230312105850234,4.22,0.0,-4.22,7,0,-100.0,0.0,0.6
120230312105860234,5.23,0.0,-5.23,4,0,-100.0,0.0,1.31
120230312105870234,1.12,0.0,-1.12,3,0,-100.0,0.0,0.37
120230312105880234,3.52,3.5,-0.02,3,1,-0.57,33.33,1.17
120230312105890234,2.8,0.0,-2.8,10,0,-100.0,0.0,0.28
120230312105900234,2.89,0.0,-2.89,2,0,-100.0,0.0,1.45
120230312105910234,4.71,0.0,-4.71,3,0,-100.0,0.0,1.57
120230312105920234,4.62,3.5,-1.12,6,1,-24.24,16.67,0.77
120230312105930234,3.16,3.5,0.34,4,1,10.76,25.0,0.79
120230312105940234,3.32,0.0,-3.32,4,0,-100.0,0.0,0.83
120230312105950234,2.83,0.0,-2.83,4,0,-100.0,0.0,0.71
120230366639690295,88.47,108.5,20.03,298,31,22.64,10.4,0.3
120230366654110295,421.55,483.0,61.45,1482,138,14.58,9.31,0.28
120230366680140295,619.99,787.5,167.51,2251,225,27.02,10.0,0.28
120230431329150628,77.28,60.0,-17.28,581,30,-22.36,5.16,0.13
120230432605990235,20.5,13.5,-7.0,45,3,-34.15,6.67,0.46
120230432606220235,5.96,0.0,-5.96,12,0,-100.0,0.0,0.5
120230432606780235,42.81,40.5,-2.31,80,9,-5.4,11.25,0.54
120230432607070235,6.08,0.0,-6.08,15,0,-100.0,0.0,0.41
120230432607220235,20.7,13.5,-7.2,43,3,-34.78,6.98,0.48
120230489815540235,3.62,0.0,-3.62,3,0,-100.0,0.0,1.21
120230489850410235,4.39,0.0,-4.39,5,0,-100.0,0.0,0.88
120230489869800235,4.58,4.5,-0.08,17,1,-1.75,5.88,0.27
120230489885900235,4.58,4.5,-0.08,9,1,-1.75,11.11,0.51
120230489906120235,4.36,13.5,9.14,19,3,209.63,15.79,0.23
120230489923470235,4.19,4.5,0.31,8,1,7.4,12.5,0.52
120230489943140235,4.03,4.5,0.47,7,1,11.66,14.29,0.58
120230490010730235,4.69,13.5,8.81,10,3,187.85,30.0,0.47
120230490034640235,4.18,0.0,-4.18,7,0,-100.0,0.0,0.6
120230490055750235,3.66,4.5,0.84,2,1,22.95,50.0,1.83
120230503436230628,121.15,110.0,-11.15,687,55,-9.2,8.01,0.18
120230627056530045,6.44,4.3,-2.14,8,1,-33.23,12.5,0.81
120230627065100045,4.21,0.0,-4.21,2,0,-100.0,0.0,2.1
120230627077710045,26.27,25.8,-0.47,51,6,-1.79,11.76,0.52
120230627090980045,34.45,34.4,-0.05,41,8,-0.15,19.51,0.84
120230627127420045,10.15,0.0,-10.15,12,0,-100.0,0.0,0.85
120230627145790045,0.91,0.0,-0.91,2,0,-100.0,0.0,0.46
120230627161770045,43.73,38.7,-5.03,82,9,-11.5,10.98,0.53
120230627183430045,5.88,0.0,-5.88,10,0,-100.0,0.0,0.59
120230627228620045,9.12,0.0,-9.12,8,0,-100.0,0.0,1.14
120230627248460045,8.76,0.0,-8.76,8,0,-100.0,0.0,1.09
120230627270210045,8.0,0.0,-8.0,12,0,-100.0,0.0,0.67
120230627284340045,38.7,38.7,0.0,56,9,0.0,16.07,0.69
120230627304290045,4.9,0.0,-4.9,7,0,-100.0,0.0,0.7
120230627398300045,17.53,8.6,-8.93,21,2,-50.94,9.52,0.83
120230627409580045,5.39,4.3,-1.09,3,1,-20.22,33.33,1.8
120230627418650045,3.38,0.0,-3.38,2,0,-100.0,0.0,1.69
120230627430820045,33.03,34.4,1.37,56,8,4.15,14.29,0.59
120230627444900045,16.01,8.6,-7.41,38,2,-46.28,5.26,0.42
120230627460420045,3.67,0.0,-3.67,9,0,-100.0,0.0,0.41
120230627477250045,6.99,0.0,-6.99,10,0,-100.0,0.0,0.7
120230627769990045,6.65,4.3,-2.35,12,1,-35.34,8.33,0.55
120230635914330628,11.13,6.0,-5.13,49,3,-46.09,6.12,0.23
120230635934290628,1.1,0.0,-1.1,4,0,-100.0,0.0,0.28
120230635941920628,1.59,0.0,-1.59,7,0,-100.0,0.0,0.23
120230635953840628,8.05,2.0,-6.05,40,1,-75.16,2.5,0.2
120230635993010628,44.36,40.0,-4.36,298,20,-9.83,6.71,0.15
120230636018250628,16.52,10.0,-6.52,92,5,-39.47,5.43,0.18
120230636042490628,0.16,0.0,-0.16,3,0,-100.0,0.0,0.05
120230636078820628,0.47,0.0,-0.47,1,0,-100.0,0.0,0.47
120230636111510628,14.14,6.0,-8.14,86,3,-57.57,3.49,0.16
120230636157520628,26.72,24.0,-2.72,204,12,-10.18,5.88,0.13
120230636190150628,0.89,0.0,-0.89,8,0,-100.0,0.0,0.11
120230636211120628,15.56,12.0,-3.56,112,6,-22.88,5.36,0.14
120230636289640628,18.19,14.0,-4.19,127,7,-23.03,5.51,0.14
120230636314170628,18.58,12.0,-6.58,157,6,-35.41,3.82,0.12
120230636494080628,12.9,8.0,-4.9,62,4,-37.98,6.45,0.21
120230636937130628,2.79,0.0,-2.79,22,0,-100.0,0.0,0.13
120230637161830628,1.84,0.0,-1.84,5,0,-100.0,0.0,0.37
120230637267090628,18.26,14.0,-4.26,97,7,-23.33,7.22,0.19
120230831091020045,6.57,0.0,-6.57,8,0,-100.0,0.0,0.82
120230831537320045,8.06,0.0,-8.06,11,0,-100.0,0.0,0.73
120230831537350045,11.01,4.3,-6.71,8,1,-60.94,12.5,1.38
120230831537370045,6.98,0.0,-6.98,6,0,-100.0,0.0,1.16
120230831537470045,15.49,8.6,-6.89,16,2,-44.48,12.5,0.97
120230831545910045,9.33,0.0,-9.33,6,0,-100.0,0.0,1.55
120230831545950045,16.42,8.6,-7.82,18,2,-47.62,11.11,0.91
120230831545960045,5.84,0.0,-5.84,7,0,-100.0,0.0,0.83
120230831545980045,5.47,0.0,-5.47,4,0,-100.0,0.0,1.37
120230831546010045,7.86,4.3,-3.56,5,1,-45.29,20.0,1.57
120230831546060045,5.92,0.0,-5.92,3,0,-100.0,0.0,1.97
120230831546120045,8.36,0.0,-8.36,6,0,-100.0,0.0,1.39
120230831546230045,29.04,34.4,5.36,35,8,18.46,22.86,0.83
120230831546240045,8.62,4.3,-4.32,7,1,-50.12,14.29,1.23
120230831546300045,5.47,0.0,-5.47,7,0,-100.0,0.0,0.78
120230831546360045,5.1,0.0,-5.1,4,0,-100.0,0.0,1.27
120230831546370045,22.09,12.9,-9.19,20,3,-41.6,15.0,1.1
120230831546390045,8.91,4.3,-4.61,8,1,-51.74,12.5,1.11
120230831546400045,5.36,0.0,-5.36,8,0,-100.0,0.0,0.67
120230831546410045,17.94,8.6,-9.34,15,2,-52.06,13.33,1.2
120230831546940045,8.69,4.3,-4.39,9,1,-50.52,11.11,0.97
120230831546950045,13.41,8.6,-4.81,17,2,-35.87,11.76,0.79
120230831546980045,8.47,0.0,-8.47,20,0,-100.0,0.0,0.42
120230831547000045,7.39,4.3,-3.09,9,1,-41.81,11.11,0.82
120230831547010045,6.24,0.0,-6.24,14,0,-100.0,0.0,0.45
120230908587310153,10.71,13.5,2.79,37,5,26.05,13.51,0.29
120230908687670153,2.93,0.0,-2.93,5,0,-100.0,0.0,0.59
120230908713730153,11.19,18.9,7.71,31,7,68.9,22.58,0.36
120230908814990153,10.2,5.4,-4.8,31,2,-47.06,6.45,0.33
120230909029540153,11.0,21.6,10.6,47,8,96.36,17.02,0.23
120230909257760153,15.69,18.9,3.21,53,7,20.46,13.21,0.3
120230909495540153,15.93,24.3,8.37,51,9,52.54,17.65,0.31
120230909520070153,16.39,16.2,-0.19,48,6,-1.16,12.5,0.34
120230909615410153,5.06,2.7,-2.36,17,1,-46.64,5.88,0.3
120230909668710153,15.29,32.4,17.11,51,12,111.9,23.53,0.3
120230909683210153,10.59,10.8,0.21,31,4,1.98,12.9,0.34
120230909731300153,5.26,2.7,-2.56,22,1,-48.67,4.55,0.24
120230909762630153,11.14,16.2,5.06,40,6,45.42,15.0,0.28
120230909821650153,10.84,13.5,2.66,47,5,24.54,10.64,0.23
120230909840240153,10.77,13.5,2.73,49,5,25.35,10.2,0.22
120230909857850153,10.44,24.3,13.86,37,9,132.76,24.32,0.28
120230909876540153,5.66,0.0,-5.66,15,0,-100.0,0.0,0.38
120230910054090153,5.75,2.7,-3.05,14,1,-53.04,7.14,0.41
120230910122800153,16.28,13.5,-2.78,46,5,-17.08,10.87,0.35
120230910216240153,16.21,18.9,2.69,51,7,16.59,13.73,0.32
120230910479160153,16.55,21.6,5.05,44,8,30.51,18.18,0.38
120230910491590153,5.51,2.7,-2.81,21,1,-51.0,4.76,0.26
120230910504350153,6.25,2.7,-3.55,26,1,-56.8,3.85,0.24
120230910518820153,15.92,13.5,-2.42,49,5,-15.2,10.2,0.32
120230910547190153,16.25,16.2,-0.05,50,6,-0.31,12.0,0.33
120230910560670153,11.81,13.5,1.69,42,5,14.31,11.9,0.28
120230910657140153,5.57,2.7,-2.87,21,1,-51.53,4.76,0.27
120231063609870045,18.74,4.3,-14.44,35,1,-77.05,2.86,0.54
120231063610120045,18.19,4.3,-13.89,30,1,-76.36,3.33,0.61
120231063610300045,166.36,240.8,74.44,516,56,44.75,10.85,0.32
120231063610880045,27.13,21.5,-5.63,47,5,-20.75,10.64,0.58
120231063611210045,25.63,25.8,0.17,58,6,0.66,10.34,0.44
120231097634280153,1.47,0.0,-1.47,2,0,-100.0,0.0,0.73
120231098442660153,4.14,5.4,1.26,21,2,30.43,9.52,0.2
120231098442670153,7.05,8.1,1.05,35,3,14.89,8.57,0.2
120231098442690153,0.79,2.7,1.91,7,1,241.77,14.29,0.11
120231098442710153,1.52,0.0,-1.52,5,0,-100.0,0.0,0.3
120231098702090153,0.91,0.0,-0.91,5,0,-100.0,0.0,0.18
120231099000430153,1.17,0.0,-1.17,5,0,-100.0,0.0,0.23
120231099000450153,7.54,8.1,0.56,29,3,7.43,10.34,0.26
120231099000480153,3.65,0.0,-3.65,17,0,-100.0,0.0,0.21
120231099000500153,1.4,0.0,-1.4,6,0,-100.0,0.0,0.23
120231199034260210,7.62,4.3,-3.32,8,1,-43.57,12.5,0.95
120231199055950210,5.24,0.0,-5.24,11,0,-100.0,0.0,0.48
120231199065190210,6.13,0.0,-6.13,5,0,-100.0,0.0,1.23
120231199124700210,7.94,4.3,-3.64,14,1,-45.84,7.14,0.57
120231199143750210,5.16,0.0,-5.16,4,0,-100.0,0.0,1.29
120231199197240210,8.04,4.3,-3.74,16,1,-46.52,6.25,0.5
120231199356180210,6.03,0.0,-6.03,8,0,-100.0,0.0,0.75
120231199600870210,7.69,4.3,-3.39,17,1,-44.08,5.88,0.45
120231199617010210,11.35,8.6,-2.75,10,2,-24.23,20.0,1.14
120231199664930210,9.95,8.6,-1.35,13,2,-13.57,15.38,0.77
120231238304360045,0.0,0.0,0.0,1,0,0.0,0.0,0.0
120231337089140045,1.46,4.3,2.84,2,1,194.52,50.0,0.73
120231337370110045,1.26,0.0,-1.26,4,0,-100.0,0.0,0.32
120231337370240045,0.74,0.0,-0.74,1,0,-100.0,0.0,0.74
120231337370250045,0.46,0.0,-0.46,1,0,-100.0,0.0,0.46
120231337370270045,3.06,4.3,1.24,10,1,40.52,10.0,0.31
120231357227450295,563.98,570.5,6.52,2023,163,1.16,8.06,0.28
120231357394760295,59.65,49.0,-10.65,181,14,-17.85,7.73,0.33
120231357621560295,21.2,7.0,-14.2,72,2,-66.98,2.78,0.29
120231357665330295,411.65,413.0,1.35,1303,118,0.33,9.06,0.32
120231357686190295,98.16,87.5,-10.66,355,25,-10.86,7.04,0.28
120231582681890596,2.11,0.0,-2.11,10,0,-100.0,0.0,0.21
120231582719670596,4.33,0.0,-4.33,8,0,-100.0,0.0,0.54
120231582731590596,6.02,4.3,-1.72,14,1,-28.57,7.14,0.43
120231582757800596,3.37,0.0,-3.37,17,0,-100.0,0.0,0.2
120231582771440596,3.0,0.0,-3.0,9,0,-100.0,0.0,0.33
120231582790450596,3.65,0.0,-3.65,8,0,-100.0,0.0,0.46
120231582802910596,2.62,0.0,-2.62,5,0,-100.0,0.0,0.52
120231582817620596,108.13,92.3,-15.83,212,21,-14.64,9.91,0.51
120231582834150596,1.74,0.0,-1.74,8,0,-100.0,0.0,0.22
120231582859810596,44.39,43.6,-0.79,99,10,-1.78,10.1,0.45
120231582875630596,10.3,4.3,-6.0,33,1,-58.25,3.03,0.31
120231582893360596,5.02,0.0,-5.02,18,0,-100.0,0.0,0.28
120231582905840596,18.36,12.9,-5.46,85,3,-29.74,3.53,0.22
120231582957980596,9.11,9.0,-0.11,30,2,-1.21,6.67,0.3
120231582977210596,10.69,9.0,-1.69,15,2,-15.81,13.33,0.71
120231583111120596,4.15,0.0,-4.15,7,0,-100.0,0.0,0.59
120231583172810596,1.78,0.0,-1.78,3,0,-100.0,0.0,0.59
120231583237120596,2.92,0.0,-2.92,4,0,-100.0,0.0,0.73
120231583254140596,0.57,0.0,-0.57,1,0,-100.0,0.0,0.57
120231684555590596,1.87,0.0,-1.87,2,0,-100.0,0.0,0.94
120231684718830596,1.21,0.0,-1.21,4,0,-100.0,0.0,0.3
120231684755030596,9.25,0.0,-9.25,13,0,-100.0,0.0,0.71
120231684787310596,7.72,0.0,-7.72,5,0,-100.0,0.0,1.54
120231684815190596,1.71,0.0,-1.71,3,0,-100.0,0.0,0.57
120231726260950596,0.5,0.0,-0.5,1,0,-100.0,0.0,0.5
120231726588330596,9.34,4.5,-4.84,23,1,-51.82,4.35,0.41
120231726691580596,7.9,4.5,-3.4,9,1,-43.04,11.11,0.88
120231726691660596,9.49,8.8,-0.69,5,2,-7.27,40.0,1.9
120231726691670596,2.74,0.0,-2.74,2,0,-100.0,0.0,1.37
120231726691680596,2.87,4.3,1.43,4,1,49.83,25.0,0.72
120231726691690596,0.59,0.0,-0.59,1,0,-100.0,0.0,0.59
120231726913940596,3.12,0.0,-3.12,3,0,-100.0,0.0,1.04
120231726914070596,2.42,0.0,-2.42,1,0,-100.0,0.0,2.42
120231726914090596,2.49,0.0,-2.49,1,0,-100.0,0.0,2.49
120231726914100596,10.75,4.5,-6.25,10,1,-58.14,10.0,1.07
120231726914110596,22.0,13.1,-8.9,22,3,-40.45,13.64,1.0
120231727220650596,4.51,0.0,-4.51,3,0,-100.0,0.0,1.5
120231727220780596,8.46,0.0,-8.46,3,0,-100.0,0.0,2.82
120231727220790596,5.32,0.0,-5.32,8,0,-100.0,0.0,0.67
120231727220800596,5.9,0.0,-5.9,14,0,-100.0,0.0,0.42
120231727220810596,4.75,0.0,-4.75,11,0,-100.0,0.0,0.43
120231727461690596,4.51,0.0,-4.51,2,0,-100.0,0.0,2.25
120231727461710596,4.04,0.0,-4.04,4,0,-100.0,0.0,1.01
120231727461720596,2.12,0.0,-2.12,3,0,-100.0,0.0,0.71
120231727461730596,3.89,0.0,-3.89,2,0,-100.0,0.0,1.95
120231727461790596,7.74,4.5,-3.24,4,1,-41.86,25.0,1.94
120231856256840400,15.94,13.1,-2.84,58,7,-17.82,12.07,0.27
120231856329440400,46.82,39.33,-7.49,188,21,-16.0,11.17,0.25
120231859611720400,28.98,14.99,-13.99,104,8,-48.27,7.69,0.28
120231859713260400,0.03,0.0,-0.03,2,0,-100.0,0.0,0.01
120231859795240400,51.21,22.46,-28.75,211,12,-56.14,5.69,0.24
120231859941830400,8.16,5.62,-2.54,33,3,-31.13,9.09,0.25
120231892781600596,3.43,0.0,-3.43,3,0,-100.0,0.0,1.14
120231892805720596,8.39,4.3,-4.09,14,1,-48.75,7.14,0.6
120231892823880596,4.14,4.3,0.16,5,1,3.86,20.0,0.83
120231892850460596,5.62,4.5,-1.12,10,1,-19.93,10.0,0.56
120231892898230596,5.43,0.0,-5.43,4,0,-100.0,0.0,1.36
120231892945620596,6.47,0.0,-6.47,11,0,-100.0,0.0,0.59
120231892994700596,4.55,8.8,4.25,6,2,93.41,33.33,0.76
120231893042450596,2.75,0.0,-2.75,5,0,-100.0,0.0,0.55
120231893089640596,7.79,4.5,-3.29,13,1,-42.23,7.69,0.6
120231893129880596,5.32,0.0,-5.32,3,0,-100.0,0.0,1.77
120231893212630596,5.07,4.3,-0.77,3,1,-15.19,33.33,1.69
120231893239730596,4.5,9.0,4.5,12,2,100.0,16.67,0.38
120231893272510596,6.52,8.8,2.28,9,2,34.97,22.22,0.72
120231893341810596,7.24,4.3,-2.94,10,1,-40.61,10.0,0.72
120231893400800596,5.46,0.0,-5.46,5,0,-100.0,0.0,1.09
120231893480620596,6.86,0.0,-6.86,5,0,-100.0,0.0,1.37
120231893620460596,5.54,0.0,-5.54,8,0,-100.0,0.0,0.69
120231893834980596,5.99,0.0,-5.99,13,0,-100.0,0.0,0.46
120231893968110596,5.38,0.0,-5.38,8,0,-100.0,0.0,0.67
120231894132280596,7.61,8.8,1.19,4,2,15.64,50.0,1.9
120231894330180596,3.13,0.0,-3.13,5,0,-100.0,0.0,0.63
120231894471030596,4.8,0.0,-4.8,7,0,-100.0,0.0,0.69
120231894610000596,5.8,0.0,-5.8,3,0,-100.0,0.0,1.93
120231894778920596,5.93,4.5,-1.43,7,1,-24.11,14.29,0.85
120231898530650596,7.19,4.3,-2.89,12,1,-40.19,8.33,0.6
120231898739500596,5.28,0.0,-5.28,4,0,-100.0,0.0,1.32
120231898921830596,7.91,4.5,-3.41,8,1,-43.11,12.5,0.99
120231899098940596,4.05,0.0,-4.05,6,0,-100.0,0.0,0.67
120231899293460596,5.49,0.0,-5.49,7,0,-100.0,0.0,0.78
120231899459850596,4.55,0.0,-4.55,8,0,-100.0,0.0,0.57
120231899605560596,5.27,0.0,-5.27,5,0,-100.0,0.0,1.05
120231899705380596,7.65,4.5,-3.15,4,1,-41.18,25.0,1.91
120231899777730596,4.58,0.0,-4.58,4,0,-100.0,0.0,1.15
120231899838430596,5.37,0.0,-5.37,7,0,-100.0,0.0,0.77
120231899901790596,2.0,0.0,-2.0,1,0,-100.0,0.0,2.0
120231900008970596,0.54,0.0,-0.54,1,0,-100.0,0.0,0.54
120231900102610596,3.25,4.3,1.05,2,1,32.31,50.0,1.62
120231900190880596,8.04,4.5,-3.54,11,1,-44.03,9.09,0.73
120231900281910596,7.98,4.5,-3.48,11,1,-43.61,9.09,0.73
120231900346660596,4.15,0.0,-4.15,4,0,-100.0,0.0,1.04
120231900357740596,4.57,4.5,-0.07,5,1,-1.53,20.0,0.91
120231900367630596,8.19,0.0,-8.19,5,0,-100.0,0.0,1.64
120231900386510596,6.32,9.0,2.68,13,2,42.41,15.38,0.49
120231900418950596,5.79,0.0,-5.79,4,0,-100.0,0.0,1.45
120231900457100596,14.44,17.6,3.16,15,4,21.88,26.67,0.96
120231900467260596,1.93,4.5,2.57,2,1,133.16,50.0,0.96
120231900478280596,0.66,0.0,-0.66,2,0,-100.0,0.0,0.33
120231900492830596,3.7,4.5,0.8,7,1,21.62,14.29,0.53
120231900510550596,1.94,0.0,-1.94,2,0,-100.0,0.0,0.97
120231939879150400,0.87,0.0,-0.87,4,0,-100.0,0.0,0.22
120231939905200400,1.17,0.0,-1.17,4,0,-100.0,0.0,0.29
120231939923470400,2.09,1.87,-0.22,9,1,-10.53,11.11,0.23
120231939953400400,24.11,24.35,0.24,89,13,1.0,14.61,0.27
120231939971840400,8.58,3.77,-4.81,35,2,-56.06,5.71,0.25
120231940002470400,19.17,18.88,-0.29,83,10,-1.51,12.05,0.23
120231940020470400,32.1,28.1,-4.0,145,15,-12.46,10.34,0.22
120231940045730400,11.83,15.08,3.25,59,8,27.47,13.56,0.2
120231940067790400,87.73,97.01,9.28,419,51,10.58,12.17,0.21
120231940195420400,4.43,0.0,-4.43,5,0,-100.0,0.0,0.89
120231940241670400,21.22,22.47,1.25,102,12,5.89,11.76,0.21
120231940258310400,33.15,26.23,-6.92,149,14,-20.87,9.4,0.22
120231940274390400,1.37,0.0,-1.37,5,0,-100.0,0.0,0.27
120231940293000400,48.26,37.47,-10.79,182,20,-22.36,10.99,0.27
120231940348720400,3.58,1.87,-1.71,9,1,-47.77,11.11,0.4
120231940379130400,17.86,16.86,-1.0,76,9,-5.6,11.84,0.23
120231940419530400,0.28,0.0,-0.28,1,0,-100.0,0.0,0.28
120231940485120400,10.6,9.36,-1.24,34,5,-11.7,14.71,0.31
120231940503770400,3.83,3.75,-0.08,9,2,-2.09,22.22,0.43
120231940516870400,17.62,14.98,-2.64,61,8,-14.98,13.11,0.29
120231940534240400,2.72,0.0,-2.72,9,0,-100.0,0.0,0.3
120231940589710400,0.24,0.0,-0.24,5,0,-100.0,0.0,0.05
120232069203060596,21.18,13.5,-7.68,30,3,-36.26,10.0,0.71
120232069203450596,23.38,22.5,-0.88,34,5,-3.76,14.71,0.69
120232069203610596,22.11,17.8,-4.31,37,4,-19.49,10.81,0.6
120232069203810596,8.49,4.3,-4.19,11,1,-49.35,9.09,0.77
120232069204010596,7.42,0.0,-7.42,10,0,-100.0,0.0,0.74
120232140160300295,2.28,0.0,-2.28,5,0,-100.0,0.0,0.46
120232140298890295,2.06,3.5,1.44,10,1,69.9,10.0,0.21
120232140298910295,0.87,0.0,-0.87,3,0,-100.0,0.0,0.29
120232140298920295,0.75,0.0,-0.75,1,0,-100.0,0.0,0.75
120232140298930295,2.04,3.5,1.46,10,1,71.57,10.0,0.2
120232166261630596,3.14,0.0,-3.14,2,0,-100.0,0.0,1.57
120232166331770596,3.74,0.0,-3.74,5,0,-100.0,0.0,0.75
120232166385880596,3.15,0.0,-3.15,6,0,-100.0,0.0,0.53
120232166572890596,3.98,0.0,-3.98,3,0,-100.0,0.0,1.33
120232166655800596,3.75,4.5,0.75,11,1,20.0,9.09,0.34
120232166686160596,3.78,4.5,0.72,5,1,19.05,20.0,0.76
120232166720610596,3.14,0.0,-3.14,3,0,-100.0,0.0,1.05
120232166756470596,3.32,0.0,-3.32,2,0,-100.0,0.0,1.66
120232166794800596,3.44,4.5,1.06,4,1,30.81,25.0,0.86
120232175068020013,4.91,0.0,-4.91,32,0,-100.0,0.0,0.15
120232175103960013,4.97,0.0,-4.97,27,0,-100.0,0.0,0.18
120232175117260013,4.89,3.6,-1.29,26,2,-26.38,7.69,0.19
120232175132670013,5.0,1.8,-3.2,30,1,-64.0,3.33,0.17
120232175163310013,4.82,0.0,-4.82,32,0,-100.0,0.0,0.15
120232175169570013,5.02,1.8,-3.22,33,1,-64.14,3.03,0.15
120232175197700013,4.71,1.8,-2.91,23,1,-61.78,4.35,0.2
120232175214540013,5.41,3.6,-1.81,36,2,-33.46,5.56,0.15
120232175226240013,5.25,5.4,0.15,25,3,2.86,12.0,0.21
120232175239120013,5.22,1.8,-3.42,36,1,-65.52,2.78,0.14
120232192850970596,4.1,0.0,-4.1,7,0,-100.0,0.0,0.59
120232192873010596,4.43,0.0,-4.43,3,0,-100.0,0.0,1.48
120232192882200596,5.08,4.5,-0.58,5,1,-11.42,20.0,1.02
120232192895900596,3.4,0.0,-3.4,8,0,-100.0,0.0,0.42
120232192920570596,3.77,0.0,-3.77,4,0,-100.0,0.0,0.94
120232192990400596,4.33,4.5,0.17,2,1,3.93,50.0,2.17
120232193058630596,3.73,0.0,-3.73,5,0,-100.0,0.0,0.75
120232193102190596,4.12,4.5,0.38,8,1,9.22,12.5,0.52
120232193165040596,3.78,0.0,-3.78,4,0,-100.0,0.0,0.94
120232193226380596,3.97,0.0,-3.97,1,0,-100.0,0.0,3.97
120232236498430596,2.65,0.0,-2.65,2,0,-100.0,0.0,1.32
120232236512100596,2.74,0.0,-2.74,4,0,-100.0,0.0,0.69
120232236522710596,2.53,0.0,-2.53,8,0,-100.0,0.0,0.32
120232236538640596,2.71,9.0,6.29,5,2,232.1,40.0,0.54
120232236557460596,2.52,0.0,-2.52,4,0,-100.0,0.0,0.63
120232236577840596,2.68,4.5,1.82,5,1,67.91,20.0,0.54
120232236591160596,2.8,0.0,-2.8,3,0,-100.0,0.0,0.93
120232236609500596,2.95,0.0,-2.95,4,0,-100.0,0.0,0.74
120232236626830596,3.24,0.0,-3.24,3,0,-100.0,0.0,1.08
120232236644860596,2.42,0.0,-2.42,6,0,-100.0,0.0,0.4
120232289103930596,11.77,18.0,6.23,32,4,52.93,12.5,0.37
120232289124190596,7.98,4.5,-3.48,13,1,-43.61,7.69,0.61
120232289147140596,5.38,0.0,-5.38,10,0,-100.0,0.0,0.54
120232289168800596,6.35,0.0,-6.35,9,0,-100.0,0.0,0.71
120232289197790596,7.67,4.5,-3.17,15,1,-41.33,6.67,0.51
120232289237660596,5.63,0.0,-5.63,14,0,-100.0,0.0,0.4
120232289278430596,11.77,13.5,1.73,27,3,14.7,11.11,0.44
120232289302140596,8.21,4.5,-3.71,15,1,-45.19,6.67,0.55
120232289343400596,5.16,0.0,-5.16,6,0,-100.0,0.0,0.86
120232289509910596,5.89,0.0,-5.89,11,0,-100.0,0.0,0.54
120232529859990679,17.38,21.5,4.12,55,5,23.71,9.09,0.32
120232530632600679,3.88,0.0,-3.88,11,0,-100.0,0.0,0.35
120232530632610679,7.39,4.3,-3.09,19,1,-41.81,5.26,0.39
120232530632620679,5.28,0.0,-5.28,5,0,-100.0,0.0,1.06
120232530632640679,11.63,8.6,-3.03,38,2,-26.05,5.26,0.31
120232531200540679,5.96,0.0,-5.96,8,0,-100.0,0.0,0.74
120232531200570679,5.14,0.0,-5.14,11,0,-100.0,0.0,0.47
120232531200580679,13.81,12.9,-0.91,32,3,-6.59,9.38,0.43
120232531200610679,15.99,12.9,-3.09,39,3,-19.32,7.69,0.41
120232531200750679,5.15,0.0,-5.15,2,0,-100.0,0.0,2.58
120232531603480679,8.47,4.3,-4.17,21,1,-49.23,4.76,0.4
120232531603540679,18.95,17.2,-1.75,27,4,-9.23,14.81,0.7
120232531603560679,5.63,0.0,-5.63,9,0,-100.0,0.0,0.63
120232531603570679,7.56,8.6,1.04,11,2,13.76,18.18,0.69
120232531603630679,7.73,8.6,0.87,12,2,11.25,16.67,0.64
120232532220500679,5.17,0.0,-5.17,6,0,-100.0,0.0,0.86
120232532220510679,5.22,0.0,-5.22,13,0,-100.0,0.0,0.4
120232532220520679,5.11,0.0,-5.11,12,0,-100.0,0.0,0.43
120232532220550679,16.3,12.9,-3.4,25,3,-20.86,12.0,0.65
120232532220680679,5.69,0.0,-5.69,11,0,-100.0,0.0,0.52
120232532810450679,17.89,21.5,3.61,28,5,20.18,17.86,0.64
120232532810540679,7.54,4.3,-3.24,12,1,-42.97,8.33,0.63
120232532810590679,5.08,0.0,-5.08,17,0,-100.0,0.0,0.3
120232532810620679,7.23,4.3,-2.93,15,1,-40.53,6.67,0.48
120232532810630679,7.73,4.3,-3.43,10,1,-44.37,10.0,0.77
120232805992700679,4.34,0.0,-4.34,19,0,-100.0,0.0,0.23
120232806021610679,9.41,0.0,-9.41,19,0,-100.0,0.0,0.5
120232806049240679,5.65,0.0,-5.65,8,0,-100.0,0.0,0.71
120232806087090679,4.76,4.3,-0.46,14,1,-9.66,7.14,0.34
120232806143680679,6.05,4.3,-1.75,8,1,-28.93,12.5,0.76
120232806210410679,15.81,17.2,1.39,33,4,8.79,12.12,0.48
120232806269720679,4.93,4.3,-0.63,5,1,-12.78,20.0,0.99
120232806328280679,5.05,0.0,-5.05,7,0,-100.0,0.0,0.72
120232806386740679,3.59,8.6,5.01,5,2,139.55,40.0,0.72
120232806446060679,2.93,0.0,-2.93,4,0,-100.0,0.0,0.73
120232806514880679,1.77,0.0,-1.77,8,0,-100.0,0.0,0.22
120232806554170679,8.53,4.3,-4.23,9,1,-49.59,11.11,0.95
120232806568180679,6.42,8.6,2.18,12,2,33.96,16.67,0.54
120232806697300679,5.48,8.6,3.12,10,2,56.93,20.0,0.55
120232806846890679,9.66,8.6,-1.06,15,2,-10.97,13.33,0.64
120232806913480679,6.69,4.3,-2.39,11,1,-35.72,9.09,0.61
120232806973390679,5.44,8.6,3.16,16,2,58.09,12.5,0.34
120232807001380679,8.89,4.3,-4.59,29,1,-51.63,3.45,0.31
120232807045940679,7.2,8.6,1.4,11,2,19.44,18.18,0.65
120232807094080679,6.09,12.9,6.81,14,3,111.82,21.43,0.43
120232807145270679,4.69,0.0,-4.69,8,0,-100.0,0.0,0.59
120232807196770679,5.01,8.6,3.59,12,2,71.66,16.67,0.42
120232807240950679,9.58,8.6,-0.98,15,2,-10.23,13.33,0.64
120232807283460679,5.66,4.3,-1.36,11,1,-24.03,9.09,0.51
120232807331590679,7.13,0.0,-7.13,10,0,-100.0,0.0,0.71
120232944936880679,5.44,0.0,-5.44,69,0,-100.0,0.0,0.08
120232945266640679,5.36,0.0,-5.36,49,0,-100.0,0.0,0.11
120232945266750679,5.45,0.0,-5.45,94,0,-100.0,0.0,0.06
120232945266950679,7.84,4.3,-3.54,59,1,-45.15,1.69,0.13
120232945267020679,5.81,0.0,-5.81,31,0,-100.0,0.0,0.19
120233123433150400,1.61,0.0,-1.61,3,0,-100.0,0.0,0.54
120233125878670400,3.03,0.0,-3.03,18,0,-100.0,0.0,0.17
120233125878680400,5.77,3.85,-1.92,27,2,-33.28,7.41,0.21
120233125878760400,1.04,1.93,0.89,5,1,85.58,20.0,0.21
120233125878860400,2.79,3.85,1.06,11,2,37.99,18.18,0.25
120233126410240400,4.51,0.0,-4.51,26,0,-100.0,0.0,0.17
120233128838060400,1.61,1.93,0.32,10,1,19.88,10.0,0.16
120233128838070400,2.13,0.0,-2.13,10,0,-100.0,0.0,0.21
120233128838150400,2.66,0.0,-2.66,10,0,-100.0,0.0,0.27
120233128838160400,3.53,5.78,2.25,23,3,63.74,13.04,0.15
120233619754100226,10.94,18.0,7.06,26,4,64.53,15.38,0.42
120233619784600226,5.76,0.0,-5.76,5,0,-100.0,0.0,1.15
120233619817660226,11.19,13.5,2.31,45,3,20.64,6.67,0.25
120233619842600226,5.57,0.0,-5.57,7,0,-100.0,0.0,0.8
120233619869890226,8.33,4.5,-3.83,20,1,-45.98,5.0,0.42
120233619903790226,10.52,22.5,11.98,36,5,113.88,13.89,0.29
120233619932580226,10.83,9.0,-1.83,25,2,-16.9,8.0,0.43
120233619957670226,5.48,0.0,-5.48,13,0,-100.0,0.0,0.42
120233619979870226,9.6,13.5,3.9,28,3,40.63,10.71,0.34
120233620000420226,10.4,13.5,3.1,28,3,29.81,10.71,0.37
120233621061590226,9.54,13.5,3.96,44,3,41.51,6.82,0.22
120233621085380226,8.14,9.0,0.86,36,2,10.57,5.56,0.23
120233621103000226,8.56,4.5,-4.06,17,1,-47.43,5.88,0.5
120233621125080226,7.7,4.5,-3.2,10,1,-41.56,10.0,0.77
120233621148080226,5.24,0.0,-5.24,8,0,-100.0,0.0,0.66
120233621167440226,9.11,4.5,-4.61,20,1,-50.6,5.0,0.46
120233621197100226,10.4,9.0,-1.4,31,2,-13.46,6.45,0.34
120233621223710226,9.2,4.5,-4.7,12,1,-51.09,8.33,0.77
120233621236540226,5.32,0.0,-5.32,5,0,-100.0,0.0,1.06
120233621261180226,6.03,0.0,-6.03,6,0,-100.0,0.0,1.01
120236134255240386,1098.73,1328.7,229.97,3345,309,20.93,9.24,0.33
120236333193650386,1055.77,1161.0,105.23,3263,270,9.97,8.27,0.32
120236333238630386,1051.19,1264.2,213.01,3411,294,20.26,8.62,0.31
120238290040340386,1.3,4.3,3.0,5,1,230.77,20.0,0.26
120238290950230386,10.57,4.3,-6.27,39,1,-59.32,2.56,0.27
120238290950240386,1.5,4.3,2.8,6,1,186.67,16.67,0.25
120238290950260386,2.66,12.9,10.24,15,3,384.96,20.0,0.18
120238290950280386,4.08,4.3,0.22,22,1,5.39,4.55,0.19
