sub_id_6,sub_id_5,sub_id_2,sub_id_3,day,clicks,lp_clicks,lp_ctr,cr,cpc,cost,campaign_unique_clicks,conversions,roi_confirmed,revenue,profit
02-07-2025 - SE - Dove - Creative 1,Adset #1,120228657841630210,120228657840750210,2025-07-31,2,0,0.0,0.0,0.0,0.0,1,0,0.0,0.0,0.0
04-06-2025 - UK - Dove - Overlay - Creative 2,Adset #5,120228519116110400,120228518992860400,2025-07-30,241,143,59.34,14.52,0.1639,39.49,205,35,69.03,66.75,27.26
04-06-2025 - UK - Dove - Overlay - Creative 2,Adset #5,120228519116110400,120228518992860400,2025-07-31,153,82,53.59,9.8,0.1768,27.05,129,15,6.61,28.84,1.79
04-07-2025 - SE - Marabou - UGC - Creative 1,Adset #3,120230366639690295,120230366614230295,2025-07-30,57,34,59.65,8.77,0.2433,13.87,52,5,26.17,17.5,3.63
04-07-2025 - SE - Marabou - UGC - Creative 1,Adset #3,120230366639690295,120230366614230295,2025-07-31,16,8,50.0,6.25,0.4331,6.93,16,1,-49.49,3.5,-3.43
04-07-2025 - SE - Marabou - UGC - Creative 1,Adset #4,120230366654110295,120230366614230295,2025-07-30,163,64,39.26,8.59,0.2831,46.14,155,14,6.2,49.0,2.86
04-07-2025 - SE - Marabou - UGC - Creative 1,Adset #4,120230366654110295,120230366614230295,2025-07-31,133,61,45.86,9.77,0.3014,40.0863,126,13,13.51,45.5,5.41
04-07-2025 - SE - Marabou - UGC - Creative 1,Adset #5,120230366680140295,120230366614230295,2025-07-30,284,137,48.24,9.86,0.274,77.81,274,28,25.95,98.0,20.19
04-07-2025 - SE - Marabou - UGC - Creative 1,Adset #5,120230366680140295,120230366614230295,2025-07-31,203,92,45.32,6.9,0.2856,57.97,194,14,-15.47,49.0,-8.97
04-07-2025+-+SE+-+Marabou+-+UGC+-+Creative+1,Adset+%234,120230366654110295,120230366614230295,2025-07-31,1,0,0.0,0.0,0.3037,0.3037,1,0,-100.0,0.0,-0.3
07-07-2025 - US - Aldi - Creative 2,Adset #5,120227960912670075,120227960801870075,2025-07-30,150,104,69.33,6.67,0.1693,25.39,134,10,36.54,34.67,9.28
07-07-2025 - US - Aldi - Creative 2,Adset #5,120227960912670075,120227960801870075,2025-07-31,76,55,72.37,7.89,0.2339,17.78,71,6,17.8,20.95,3.17
22-07-2025 - SE - Marabou - Woman - 35-45 - Creative 1,Adset #1,120231357227450295,120231357224920295,2025-07-30,249,100,40.16,8.43,0.3172,78.98,234,21,-6.94,73.5,-5.48
22-07-2025 - SE - Marabou - Woman - 35-45 - Creative 1,Adset #1,120231357227450295,120231357224920295,2025-07-31,214,83,38.79,7.48,0.2899,62.03,199,16,-9.72,56.0,-6.03
22-07-2025 - SE - Marabou - Woman - 45-55 - Creative 5,Adset #1,120231357665330295,120231357664690295,2025-07-30,30,10,33.33,3.33,0.2907,8.72,29,1,-59.86,3.5,-5.22
23-07-2025 - DE - Makita - Man - Creative 1,Adset #1,120227403362750519,120227403362470519,2025-07-30,3,2,66.67,33.33,0.1433,0.43,2,1,946.51,4.5,4.07
23-07-2025 - DE - Makita - Man - Creative 1,Adset #1,120227403362750519,120227403362470519,2025-07-31,2,1,50.0,0.0,0.23,0.46,2,0,-100.0,0.0,-0.46
23-07-2025 - DE - Makita - Man - Creative 1,Adset #2,120227403387550519,120227403362470519,2025-07-30,142,85,59.86,10.56,0.3724,52.88,127,15,25.38,66.3,13.42
23-07-2025 - DE - Makita - Man - Creative 1,Adset #2,120227403387550519,120227403362470519,2025-07-31,114,64,56.14,7.89,0.3431,39.11,102,9,-0.03,39.1,-0.01
23-07-2025 - DE - Makita - Man - Creative 1,Adset #3,120227403416390519,120227403362470519,2025-07-30,2,2,100.0,0.0,0.3167,0.6333,2,0,-100.0,0.0,-0.63
23-07-2025 - DE - Makita - Man - Creative 1,Adset #3,120227403416390519,120227403362470519,2025-07-31,1,1,100.0,0.0,0.46,0.46,1,0,-100.0,0.0,-0.46
23-07-2025 - DE - Makita - Man - Creative 1,Adset #4,120227403451780519,120227403362470519,2025-07-30,58,31,53.45,12.07,0.3333,19.33,51,7,59.86,30.9,11.57
23-07-2025 - DE - Makita - Man - Creative 1,Adset #4,120227403451780519,120227403362470519,2025-07-31,53,33,62.26,3.77,0.3283,17.4,46,2,-50.57,8.6,-8.8
23-07-2025 - DE - Makita - Man - Creative 1,Adset #5,120227403475770519,120227403362470519,2025-07-30,63,38,60.32,9.52,0.3417,21.53,58,6,21.69,26.2,4.67
23-07-2025 - DE - Makita - Man - Creative 1,Adset #5,120227403475770519,120227403362470519,2025-07-31,45,25,55.56,2.22,0.3293,14.82,40,1,-70.99,4.3,-10.52
23-07-2025 - DE - Makita - Man - Creative 2,Adset #4,120227403688350519,120227403522120519,2025-07-30,183,101,55.19,12.57,0.439,80.33,160,23,24.86,100.3,19.97
23-07-2025 - DE - Makita - Man - Creative 2,Adset #4,120227403688350519,120227403522120519,2025-07-31,182,105,57.69,3.85,0.3995,72.71,160,7,-57.23,31.1,-41.61
23-07-2025 - DE - Makita - Man - Creative 2 - Cost cap,Adset #1,120227882917130519,120227882917040519,2025-07-30,25,13,52.0,4.0,0.3984,9.96,21,1,-56.83,4.3,-5.66
23-07-2025 - DE - Makita - Man - Creative 2 - Cost cap,Adset #2,120227882917120519,120227882917040519,2025-07-30,63,35,55.56,12.7,0.4433,27.93,54,8,26.03,35.2,7.27
23-07-2025 - DE - Makita - Man - Creative 2 - Cost cap,Adset #2,120227882917120519,120227882917040519,2025-07-31,118,74,62.71,10.17,0.5161,60.9039,107,12,-12.98,53.0,-7.9
23-07-2025 - DE - Makita - Man - Creative 2 - Cost cap,Adset #3,120227882917110519,120227882917040519,2025-07-30,20,10,50.0,10.0,0.641,12.82,15,2,-31.36,8.8,-4.02
23-07-2025 - DE - Makita - Man - Creative 2 - Cost cap,Adset #3,120227882917110519,120227882917040519,2025-07-31,5,4,80.0,0.0,0.542,2.71,5,0,-100.0,0.0,-2.71
23-07-2025 - DE - Makita - Man - Creative 2 - Cost cap,Adset #4,120227882917140519,120227882917040519,2025-07-30,19,9,47.37,5.26,0.48,9.12,18,1,-50.66,4.5,-4.62
23-07-2025 - DE - Makita - Man - Creative 2 - Cost cap,Adset #5,120227882917030519,120227882917040519,2025-07-30,68,42,61.76,16.18,0.5896,40.09,64,11,21.98,48.9,8.81
23-07-2025 - DE - Makita - Man - Creative 2 - Cost cap,Adset #5,120227882917030519,120227882917040519,2025-07-31,55,29,52.73,9.09,0.5315,29.23,46,5,-25.76,21.7,-7.53
23-07-2025 - DE - Makita - Man - Creative 3,Adset #5,120227403860350519,120227403731420519,2025-07-30,47,33,70.21,10.64,0.4291,20.17,41,5,9.57,22.1,1.93
23-07-2025 - DE - Makita - Man - Creative 3,Adset #5,120227403860350519,120227403731420519,2025-07-31,46,27,58.7,6.52,0.3196,14.7,42,3,-10.88,13.1,-1.6
23-07-2025 - DE - Makita - Man - Creative 4,Adset #1,120227403912540519,120227403910460519,2025-07-30,20,10,50.0,10.0,0.524,10.48,18,2,-17.94,8.6,-1.88
23-07-2025 - DE - Makita - Man - Creative 4,Adset #1,120227403912540519,120227403910460519,2025-07-31,22,12,54.55,4.55,0.3823,8.41,18,1,-46.49,4.5,-3.91
23-07-2025 - DE - Makita - Man - Creative 4,Adset #2,120227403971370519,120227403910460519,2025-07-30,8,5,62.5,12.5,0.29,2.32,8,1,85.34,4.3,1.98
23-07-2025 - DE - Makita - Man - Creative 4,Adset #2,120227403971370519,120227403910460519,2025-07-31,13,11,84.62,7.69,0.4908,6.38,13,1,-29.47,4.5,-1.88
23-07-2025 - DE - Makita - Man - Creative 4,Adset #4,120227404131140519,120227403910460519,2025-07-30,15,8,53.33,0.0,0.44,6.6,14,0,-100.0,0.0,-6.6
23-07-2025 - DE - Makita - Photo - Creative 3,Adset #2,120227446597880519,120227446586830519,2025-07-30,33,15,45.45,3.03,0.4321,14.26,28,1,-68.44,4.5,-9.76
23-07-2025 - DE - Xiaomi - Creative 1,Adset #3,120229974485210210,120229974433090210,2025-07-30,60,36,60.0,13.33,0.3443,20.66,54,8,66.51,34.4,13.74
23-07-2025 - DE - Xiaomi - Creative 1,Adset #3,120229974485210210,120229974433090210,2025-07-31,53,27,50.94,13.21,0.2447,12.97,43,7,132.07,30.1,17.13
23-07-2025 - DE - Xiaomi - Creative 2,Adset #3,120229974756830210,120229974586200210,2025-07-31,12,4,33.33,0.0,0.3667,4.4,10,0,-100.0,0.0,-4.4
23-07-2025 - DE - Xiaomi - Creative 2,Adset #5,120229974881440210,120229974586200210,2025-07-30,128,78,60.94,7.03,0.3073,39.33,120,9,-1.6,38.7,-0.63
23-07-2025 - DE - Xiaomi - Creative 2,Adset #5,120229974881440210,120229974586200210,2025-07-31,69,43,62.32,4.35,0.2884,19.9,63,3,-35.18,12.9,-7.0
23-07-2025 - DE - Xiaomi - Creative 3,Adset #1,120229974925460210,120229974918480210,2025-07-30,55,42,76.36,10.91,0.3575,19.66,52,6,31.23,25.8,6.14
23-07-2025 - DE - Xiaomi - Creative 3,Adset #1,120229974925460210,120229974918480210,2025-07-31,40,28,70.0,10.0,0.326,13.04,34,4,31.9,17.2,4.16
23-07-2025 - DE - Xiaomi - Creative 4,Adset #1,120229975176080210,120229975174200210,2025-07-30,56,35,62.5,10.71,0.6261,35.06,52,6,-26.41,25.8,-9.26
23-07-2025 - DE - Xiaomi - Creative 4,Adset #1,120229975176080210,120229975174200210,2025-07-31,2,0,0.0,0.0,0.005,0.01,1,0,-100.0,0.0,-0.01
23-07-2025 - DE - Xiaomi - Creative 4,Adset #4,120229975436120210,120229975174200210,2025-07-30,3,2,66.67,0.0,0.2133,0.64,2,0,-100.0,0.0,-0.64
23-07-2025 - DE - Xiaomi - Creative 4,Adset #4,120229975436120210,120229975174200210,2025-07-31,44,31,70.45,9.09,0.488,21.47,39,4,-19.89,17.2,-4.27
23-07-2025 - IT - Douglas - Woman - Creative 3,Adset #1,120230636157520628,120230636152280628,2025-07-30,1,1,100.0,100.0,0.0,0.0,1,1,0.0,2.0,2.0
23-07-2025 - UK - Lenor - Woman - Creative 2,Adset #2,120231940002470400,120231939970540400,2025-07-30,19,14,73.68,15.79,0.1847,3.51,19,3,62.83,5.72,2.21
23-07-2025 - UK - Lenor - Woman - Creative 2,Adset #2,120231940002470400,120231939970540400,2025-07-31,3,0,0.0,0.0,0.3433,1.03,3,0,-100.0,0.0,-1.03
23-07-2025 - UK - Lenor - Woman - Creative 2,Adset #4,120231940045730400,120231939970540400,2025-07-30,5,5,100.0,40.0,0.092,0.46,5,2,728.33,3.81,3.35
23-07-2025 - UK - Lenor - Woman - Creative 2,Adset #4,120231940045730400,120231939970540400,2025-07-31,6,5,83.33,16.67,0.1483,0.89,6,1,114.48,1.91,1.02
23-07-2025 - UK - Lenor - Woman - Creative 2,Adset #5,120231940067790400,120231939970540400,2025-07-30,75,48,64.0,6.67,0.2079,15.59,71,5,-38.85,9.53,-6.06
23-07-2025 - UK - Lenor - Woman - Creative 2,Adset #5,120231940067790400,120231939970540400,2025-07-31,55,45,81.82,14.55,0.228,12.54,53,8,22.42,15.35,2.81
23-07-2025+-+DE+-+Makita+-+Man+-+Creative+1,Adset+%233,120227403416390519,120227403362470519,2025-07-30,1,0,0.0,0.0,0.3167,0.3167,1,0,-100.0,0.0,-0.32
23-07-2025+-+DE+-+Makita+-+Man+-+Creative+2+-+Cost+cap,Adset+%232,120227882917120519,120227882917040519,2025-07-31,1,1,100.0,0.0,0.5161,0.5161,1,0,-100.0,0.0,-0.52
24-07-2025 - DE - Makita - Photos NEW - Man - Creative 3,Adset #4,120227495341490519,120227495130180519,2025-07-30,43,22,51.16,4.65,0.4135,17.78,36,2,-50.51,8.8,-8.98
25-07-2025 - SE - Nike - Creative 2,MV25-64 - Adset 2,120230312105100234,120230312104720234,2025-07-30,2,0,0.0,0.0,0.0,0.0,1,0,0.0,0.0,0.0
25-07-2025 - US - Aldi - Creative 1,MV25-64 - Adset 2,120229247246500075,120229247006550075,2025-07-30,52,34,65.38,3.85,0.1944,10.11,49,2,-31.34,6.94,-3.17
25-07-2025 - US - Aldi - Creative 1,MV25-64 - Adset 2,120229247246500075,120229247006550075,2025-07-31,84,58,69.05,8.33,0.1815,15.25,79,7,60.47,24.47,9.22
25-07-2025 - US - Aldi - Creative 1,MV25-64 - Adset 3,120229247246370075,120229247006550075,2025-07-30,40,23,57.5,2.5,0.2358,9.43,35,1,-63.27,3.46,-5.97
25-07-2025 - US - Aldi - Creative 2,MV25-64 - Adset 2,120229247264750075,120229247263580075,2025-07-30,64,48,75.0,7.81,0.2005,12.83,58,5,35.1,17.33,4.5
25-07-2025 - US - Aldi - Creative 2,MV25-64 - Adset 2,120229247264750075,120229247263580075,2025-07-31,81,56,69.14,8.64,0.166,13.45,73,7,82.14,24.5,11.05
25-07-2025 - US - Aldi - Creative 2,MV25-64 - Adset 3,120229247264670075,120229247263580075,2025-07-30,28,21,75.0,3.57,0.2061,5.77,28,1,-39.96,3.46,-2.31
25-07-2025 - US - Aldi - Creative 3,MV25-64 - Adset 3,120229247264640075,120229247263590075,2025-07-30,92,62,67.39,7.61,0.2095,19.27,79,7,25.9,24.26,4.99
25-07-2025 - US - Aldi - Creative 3,MV25-64 - Adset 3,120229247264640075,120229247263590075,2025-07-31,67,42,62.69,4.48,0.2588,17.34,58,3,-39.46,10.5,-6.84
25-07-2025 - US - Aldi - Creative 4,MV25-64 - Adset 2,120229247264730075,120229247264480075,2025-07-30,22,17,77.27,4.55,0.2577,5.67,21,1,-38.79,3.47,-2.2
25-07-2025 - US - Aldi - Creative 4,MV25-64 - Adset 2,120229247264730075,120229247264480075,2025-07-31,11,8,72.73,0.0,0.2155,2.37,11,0,-100.0,0.0,-2.37
25-07-2025 - US - Aldi - Creative 4,MV25-64 - Adset 4,120229247264770075,120229247264480075,2025-07-30,101,61,60.4,5.94,0.1488,15.03,92,6,38.37,20.8,5.77
25-07-2025 - US - Aldi - Creative 4,MV25-64 - Adset 4,120229247264770075,120229247264480075,2025-07-31,66,43,65.15,6.06,0.1924,12.7,63,4,9.99,13.97,1.27
26-06-2025 - DE - Action - Creative 1,Adset #1,120236134255240386,120236134254150386,2025-07-30,422,210,49.76,8.06,0.3226,136.13,371,34,7.4,146.2,10.07
26-06-2025 - DE - Action - Creative 1,Adset #1,120236134255240386,120236134254150386,2025-07-31,346,175,50.58,6.94,0.3121,107.97,298,24,-4.42,103.2,-4.77
26-07-2025 - DE - Makita - Reviews - Creative 2,Adset #3,120227651229760519,120227651204390519,2025-07-30,53,30,56.6,9.43,0.376,19.93,48,5,8.88,21.7,1.77
26-07-2025 - DE - Makita - Reviews - Creative 2,Adset #3,120227651229760519,120227651204390519,2025-07-31,16,7,43.75,6.25,0.3306,5.29,14,1,-14.93,4.5,-0.79
26-07-2025 - DE - Makita - Reviews - Creative 3,Adset #1,120227651270210519,120227651269240519,2025-07-30,20,12,60.0,5.0,0.462,9.24,17,1,-51.3,4.5,-4.74
26-07-2025 - DE - Makita - Reviews - Creative 3,Adset #4,120227651341240519,120227651269240519,2025-07-30,27,16,59.26,3.7,0.3926,10.6,24,1,-59.43,4.3,-6.3
26-07-2025 - DE - Makita - Reviews - Creative 3,Adset #4,120227651341240519,120227651269240519,2025-07-31,7,2,28.57,0.0,0.6986,4.89,5,0,-100.0,0.0,-4.89
26-07-2025 - DE - Makita - Reviews - Creative 4,Adset #1,120227651388210519,120227651386510519,2025-07-30,30,14,46.67,6.67,0.2963,8.89,27,2,-3.26,8.6,-0.29
26-07-2025 - DE - Makita - Reviews - Creative 4,Adset #1,120227651388210519,120227651386510519,2025-07-31,25,11,44.0,0.0,0.234,5.85,22,0,-100.0,0.0,-5.85
26-07-2025 - DE - Makita - Reviews - Creative 4,Adset #4,120227651452800519,120227651386510519,2025-07-30,18,13,72.22,11.11,0.3694,6.65,16,2,32.33,8.8,2.15
26-07-2025 - DE - Makita - Reviews - Creative 4,Adset #4,120227651452800519,120227651386510519,2025-07-31,21,10,47.62,9.52,0.3214,6.75,20,2,27.41,8.6,1.85
26-07-2025 - DE - Makita - Reviews - Creative 4,Adset #5,120227651473720519,120227651386510519,2025-07-30,12,4,33.33,0.0,0.3825,4.59,11,0,-100.0,0.0,-4.59
26-07-2025 - DE - Makita - Reviews - Creative 4,Adset #5,120227651473720519,120227651386510519,2025-07-31,9,5,55.56,22.22,0.2789,2.51,8,2,258.57,9.0,6.49
26-07-2025 - DE - Makita - Reviews - Creative 5,Adset #1,120227651490870519,120227651490530519,2025-07-30,34,18,52.94,11.76,0.2944,10.01,25,4,77.82,17.8,7.79
26-07-2025 - DE - Makita - Reviews - Creative 5,Adset #1,120227651490870519,120227651490530519,2025-07-31,21,11,52.38,0.0,0.4171,8.76,19,0,-100.0,0.0,-8.76
26-07-2025 - DE - Makita - Reviews - Creative 5,Adset #5,120227651585010519,120227651490530519,2025-07-30,30,14,46.67,10.0,0.3343,10.03,22,3,32.6,13.3,3.27
26-07-2025 - DE - Makita - Reviews - Creative 5,Adset #5,120227651585010519,120227651490530519,2025-07-31,19,6,31.58,5.26,0.3553,6.75,15,1,-36.3,4.3,-2.45
28-04-2025 - SE - Malediven - TUI - Videos - Creative 1,Adset #3,120222339848160262,120222339834050262,2025-07-30,118,60,50.85,16.1,0.2867,33.83,111,19,51.64,51.3,17.47
28-04-2025 - SE - Malediven - TUI - Videos - Creative 1,Adset #3,120222339848160262,120222339834050262,2025-07-31,105,43,40.95,10.48,0.3413,35.84,99,11,-17.13,29.7,-6.14
28-04-2025 - SE - Malediven - TUI - Videos - Creative 1,Adset #5,120222339862650262,120222339834050262,2025-07-30,283,137,48.41,12.72,0.3577,101.24,264,36,-3.99,97.2,-4.04
28-04-2025 - SE - Malediven - TUI - Videos - Creative 1,Adset #5,120222339862650262,120222339834050262,2025-07-31,202,93,46.04,14.85,0.3392,68.52,184,30,18.21,81.0,12.48
28-07-2025 - DE - Rituals - Creative 2,25-64 - Adset 1,120231063610300045,120231063610390045,2025-07-30,169,110,65.09,10.06,0.3708,62.66,159,17,16.66,73.1,10.44
28-07-2025 - DE - Rituals - Creative 2,25-64 - Adset 1,120231063610300045,120231063610390045,2025-07-31,119,64,53.78,10.08,0.2846,33.87,109,12,52.35,51.6,17.73
29-07-2025 - DE - Barilla - Creative 3,Adset #1,120230489869800235,120230489868420235,2025-07-30,1,1,100.0,0.0,0.44,0.44,1,0,-100.0,0.0,-0.44
29-07-2025 - DE - Barilla - Creative 4,Adset #1,120230489885900235,120230489884230235,2025-07-30,1,1,100.0,0.0,0.48,0.48,1,0,-100.0,0.0,-0.48
29-07-2025 - DE - Barilla - Creative 8,Adset #1,120230490010730235,120230490008940235,2025-07-30,1,0,0.0,0.0,0.42,0.42,1,0,-100.0,0.0,-0.42
29-07-2025 - DE - Gillette - Creative 1,Adset #1,120232236498430596,120232236497780596,2025-07-30,2,2,100.0,0.0,1.325,2.65,2,0,-100.0,0.0,-2.65
29-07-2025 - DE - Gillette - Creative 10,Adset #1,120232236644860596,120232236644320596,2025-07-30,6,4,66.67,0.0,0.4033,2.42,6,0,-100.0,0.0,-2.42
29-07-2025 - DE - Gillette - Creative 2,Adset #1,120232236512100596,120232236511350596,2025-07-30,4,3,75.0,0.0,0.685,2.74,4,0,-100.0,0.0,-2.74
29-07-2025 - DE - Gillette - Creative 3,Adset #1,120232236522710596,120232236522330596,2025-07-30,8,4,50.0,0.0,0.3163,2.53,5,0,-100.0,0.0,-2.53
29-07-2025 - DE - Gillette - Creative 4,Adset #1,120232236538640596,120232236538100596,2025-07-30,5,4,80.0,40.0,0.542,2.71,5,2,232.1,9.0,6.29
29-07-2025 - DE - Gillette - Creative 5,Adset #1,120232236557460596,120232236556510596,2025-07-30,4,3,75.0,0.0,0.63,2.52,4,0,-100.0,0.0,-2.52
29-07-2025 - DE - Gillette - Creative 6,Adset #1,120232236577840596,120232236576380596,2025-07-30,5,4,80.0,20.0,0.536,2.68,5,1,67.91,4.5,1.82
29-07-2025 - DE - Gillette - Creative 7,Adset #1,120232236591160596,120232236590610596,2025-07-30,3,2,66.67,0.0,0.9333,2.8,3,0,-100.0,0.0,-2.8
29-07-2025 - DE - Gillette - Creative 8,Adset #1,120232236609500596,120232236609220596,2025-07-30,4,3,75.0,0.0,0.7375,2.95,3,0,-100.0,0.0,-2.95
29-07-2025 - DE - Gillette - Creative 9,Adset #1,120232236626830596,120232236626450596,2025-07-30,3,3,100.0,0.0,1.08,3.24,3,0,-100.0,0.0,-3.24
29-07-2025 - DE - Lenor - Creative 8,Adset #1,120232193102190596,120232193099230596,2025-07-30,2,1,50.0,0.0,0.0,0.0,1,0,0.0,0.0,0.0
29-07-2025 - DE - Lenor - Images - Creative 2,Adset #1,120232166331770596,120232166329470596,2025-07-30,1,0,0.0,0.0,0.0,0.0,1,0,0.0,0.0,0.0
30-06-2025 - DE - Action - Creative 2,Adset #5,120236333193650386,120236333104640386,2025-07-30,412,208,50.49,9.71,0.3327,137.08,354,40,25.47,172.0,34.92
30-06-2025 - DE - Action - Creative 2,Adset #5,120236333193650386,120236333104640386,2025-07-31,351,180,51.28,6.84,0.2943,103.29,298,24,-0.09,103.2,-0.09
30-06-2025 - DE - Action - Creative 3,Adset #1,120236333238630386,120236333234510386,2025-07-30,444,194,43.69,7.88,0.3081,136.79,381,35,10.02,150.5,13.71
30-06-2025 - DE - Action - Creative 3,Adset #1,120236333238630386,120236333234510386,2025-07-31,331,162,48.94,7.25,0.3067,101.53,286,24,1.64,103.2,1.67
30-07-2025 - DE - Aldi - Creative 1,Adset #1,120232289103930596,120232289101860596,2025-07-30,8,7,87.5,25.0,0.2613,2.09,8,2,330.62,9.0,6.91
30-07-2025 - DE - Aldi - Creative 1,Adset #1,120232289103930596,120232289101860596,2025-07-31,9,4,44.44,0.0,0.3567,3.21,6,0,-100.0,0.0,-3.21
30-07-2025 - DE - Aldi - Creative 2,Adset #1,120232289124190596,120232289123260596,2025-07-30,2,2,100.0,50.0,1.035,2.07,2,1,117.39,4.5,2.43
30-07-2025 - DE - Aldi - Creative 2,Adset #1,120232289124190596,120232289123260596,2025-07-31,5,1,20.0,0.0,0.666,3.33,4,0,-100.0,0.0,-3.33
30-07-2025 - DE - Aldi - Creative 3,Adset #1,120232289147140596,120232289143310596,2025-07-30,6,3,50.0,0.0,0.3683,2.21,5,0,-100.0,0.0,-2.21
30-07-2025 - DE - Aldi - Creative 3,Adset #1,120232289147140596,120232289143310596,2025-07-31,4,1,25.0,0.0,0.7725,3.09,4,0,-100.0,0.0,-3.09
30-07-2025 - DE - Aldi - Creative 4,Adset #1,120232289168800596,120232289168200596,2025-07-30,3,3,100.0,0.0,1.0067,3.02,3,0,-100.0,0.0,-3.02
30-07-2025 - DE - Aldi - Creative 4,Adset #1,120232289168800596,120232289168200596,2025-07-31,6,5,83.33,0.0,0.5517,3.31,6,0,-100.0,0.0,-3.31
30-07-2025 - DE - Aldi - Creative 5,Adset #1,120232289197790596,120232289196630596,2025-07-30,2,2,100.0,0.0,1.09,2.18,2,0,-100.0,0.0,-2.18
30-07-2025 - DE - Aldi - Creative 5,Adset #1,120232289197790596,120232289196630596,2025-07-31,4,4,100.0,25.0,0.8425,3.37,4,1,33.53,4.5,1.13
30-07-2025 - DE - Aldi - Overlay - Creative 1,Adset #1,120232289237660596,120232289236580596,2025-07-30,2,1,50.0,0.0,0.995,1.99,2,0,-100.0,0.0,-1.99
30-07-2025 - DE - Aldi - Overlay - Creative 1,Adset #1,120232289237660596,120232289236580596,2025-07-31,11,7,63.64,0.0,0.2945,3.24,9,0,-100.0,0.0,-3.24
30-07-2025 - DE - Aldi - Overlay - Creative 2,Adset #1,120232289278430596,120232289277590596,2025-07-30,3,3,100.0,100.0,0.8233,2.47,3,3,446.56,13.5,11.03
30-07-2025 - DE - Aldi - Overlay - Creative 2,Adset #1,120232289278430596,120232289277590596,2025-07-31,6,6,100.0,0.0,0.5667,3.4,2,0,-100.0,0.0,-3.4
30-07-2025 - DE - Aldi - Overlay - Creative 3,Adset #1,120232289302140596,120232289300160596,2025-07-30,2,1,50.0,0.0,1.13,2.26,2,0,-100.0,0.0,-2.26
30-07-2025 - DE - Aldi - Overlay - Creative 3,Adset #1,120232289302140596,120232289300160596,2025-07-31,6,4,66.67,16.67,0.5367,3.22,5,1,39.75,4.5,1.28
30-07-2025 - DE - Aldi - Overlay - Creative 4,Adset #1,120232289343400596,120232289337980596,2025-07-30,5,1,20.0,0.0,0.49,2.45,4,0,-100.0,0.0,-2.45
30-07-2025 - DE - Aldi - Overlay - Creative 4,Adset #1,120232289343400596,120232289337980596,2025-07-31,1,1,100.0,0.0,2.7,2.7,1,0,-100.0,0.0,-2.7
30-07-2025 - DE - Aldi - Overlay - Creative 5,Adset #1,120232289509910596,120232289506720596,2025-07-30,3,2,66.67,0.0,0.75,2.25,3,0,-100.0,0.0,-2.25
30-07-2025 - DE - Aldi - Overlay - Creative 5,Adset #1,120232289509910596,120232289506720596,2025-07-31,7,5,71.43,0.0,0.4343,3.04,3,0,-100.0,0.0,-3.04
30-07-2025 - DE - Barilla - Creative 1,Adset #1,120233619754100226,120233619752500226,2025-07-30,6,3,50.0,33.33,0.6683,4.01,5,2,124.44,9.0,4.99
30-07-2025 - DE - Barilla - Creative 1,Adset #1,120233619754100226,120233619752500226,2025-07-31,8,6,75.0,25.0,0.6738,5.39,8,2,66.98,9.0,3.61
30-07-2025 - DE - Barilla - Creative 10,Adset #1,120233620000420226,120233619999520226,2025-07-30,3,1,33.33,0.0,1.14,3.42,3,0,-100.0,0.0,-3.42
30-07-2025 - DE - Barilla - Creative 10,Adset #1,120233620000420226,120233619999520226,2025-07-31,15,7,46.67,13.33,0.4053,6.08,13,2,48.03,9.0,2.92
30-07-2025 - DE - Barilla - Creative 2,Adset #1,120233619784600226,120233619783230226,2025-07-30,4,2,50.0,0.0,0.9525,3.81,4,0,-100.0,0.0,-3.81
30-07-2025 - DE - Barilla - Creative 2,Adset #1,120233619784600226,120233619783230226,2025-07-31,1,0,0.0,0.0,1.94,1.94,1,0,-100.0,0.0,-1.94
30-07-2025 - DE - Barilla - Creative 3,Adset #1,120233619817660226,120233619816620226,2025-07-30,13,7,53.85,0.0,0.28,3.64,11,0,-100.0,0.0,-3.64
30-07-2025 - DE - Barilla - Creative 3,Adset #1,120233619817660226,120233619816620226,2025-07-31,13,5,38.46,15.38,0.4815,6.26,11,2,43.77,9.0,2.74
30-07-2025 - DE - Barilla - Creative 4,Adset #1,120233619842600226,120233619841280226,2025-07-30,4,3,75.0,0.0,0.955,3.82,4,0,-100.0,0.0,-3.82
30-07-2025 - DE - Barilla - Creative 4,Adset #1,120233619842600226,120233619841280226,2025-07-31,3,2,66.67,0.0,0.5567,1.67,3,0,-100.0,0.0,-1.67
30-07-2025 - DE - Barilla - Creative 5,Adset #1,120233619869890226,120233619868010226,2025-07-30,3,1,33.33,0.0,1.1533,3.46,3,0,-100.0,0.0,-3.46
30-07-2025 - DE - Barilla - Creative 5,Adset #1,120233619869890226,120233619868010226,2025-07-31,17,11,64.71,5.88,0.2859,4.86,13,1,-7.41,4.5,-0.36
30-07-2025 - DE - Barilla - Creative 6,Adset #1,120233619903790226,120233619901640226,2025-07-30,3,2,66.67,66.67,1.3567,4.07,2,2,121.13,9.0,4.93
30-07-2025 - DE - Barilla - Creative 6,Adset #1,120233619903790226,120233619901640226,2025-07-31,13,6,46.15,15.38,0.3985,5.18,12,2,73.75,9.0,3.82
30-07-2025 - DE - Barilla - Creative 7,Adset #1,120233619932580226,120233619931360226,2025-07-30,3,2,66.67,0.0,1.39,4.17,3,0,-100.0,0.0,-4.17
30-07-2025 - DE - Barilla - Creative 7,Adset #1,120233619932580226,120233619931360226,2025-07-31,10,5,50.0,20.0,0.467,4.67,10,2,92.72,9.0,4.33
30-07-2025 - DE - Barilla - Creative 8,Adset #1,120233619957670226,120233619956740226,2025-07-30,9,5,55.56,0.0,0.3822,3.44,5,0,-100.0,0.0,-3.44
30-07-2025 - DE - Barilla - Creative 8,Adset #1,120233619957670226,120233619956740226,2025-07-31,4,2,50.0,0.0,0.505,2.02,4,0,-100.0,0.0,-2.02
30-07-2025 - DE - Barilla - Creative 9,Adset #1,120233619979870226,120233619978100226,2025-07-30,5,4,80.0,20.0,0.666,3.33,5,1,35.14,4.5,1.17
30-07-2025 - DE - Barilla - Creative 9,Adset #1,120233619979870226,120233619978100226,2025-07-31,8,1,12.5,12.5,0.5025,4.02,7,1,11.94,4.5,0.48
30-07-2025 - DE - Barilla - Script 2 - Creative 1,Adset #1,120233621061590226,120233621059930226,2025-07-30,4,4,100.0,0.0,0.9,3.6,4,0,-100.0,0.0,-3.6
30-07-2025 - DE - Barilla - Script 2 - Creative 1,Adset #1,120233621061590226,120233621059930226,2025-07-31,5,5,100.0,40.0,0.818,4.09,5,2,120.05,9.0,4.91
30-07-2025 - DE - Barilla - Script 2 - Creative 10,Adset #1,120233621261180226,120233621258960226,2025-07-30,5,4,80.0,0.0,0.878,4.39,4,0,-100.0,0.0,-4.39
30-07-2025 - DE - Barilla - Script 2 - Creative 10,Adset #1,120233621261180226,120233621258960226,2025-07-31,1,1,100.0,0.0,1.64,1.64,1,0,-100.0,0.0,-1.64
30-07-2025 - DE - Barilla - Script 2 - Creative 2,Adset #1,120233621085380226,120233621085130226,2025-07-30,5,5,100.0,20.0,0.656,3.28,4,1,37.2,4.5,1.22
30-07-2025 - DE - Barilla - Script 2 - Creative 2,Adset #1,120233621085380226,120233621085130226,2025-07-31,8,6,75.0,12.5,0.5188,4.15,8,1,8.43,4.5,0.35
30-07-2025 - DE - Barilla - Script 2 - Creative 3,Adset #1,120233621103000226,120233621102300226,2025-07-30,4,3,75.0,25.0,0.8225,3.29,4,1,36.78,4.5,1.21
30-07-2025 - DE - Barilla - Script 2 - Creative 3,Adset #1,120233621103000226,120233621102300226,2025-07-31,13,6,46.15,0.0,0.3969,5.16,12,0,-100.0,0.0,-5.16
30-07-2025 - DE - Barilla - Script 2 - Creative 4,Adset #1,120233621125080226,120233621124570226,2025-07-30,3,2,66.67,0.0,1.1167,3.35,2,0,-100.0,0.0,-3.35
30-07-2025 - DE - Barilla - Script 2 - Creative 4,Adset #1,120233621125080226,120233621124570226,2025-07-31,7,4,57.14,14.29,0.62,4.34,5,1,3.69,4.5,0.16
30-07-2025 - DE - Barilla - Script 2 - Creative 5,Adset #1,120233621148080226,120233621146590226,2025-07-30,6,3,50.0,0.0,0.65,3.9,5,0,-100.0,0.0,-3.9
30-07-2025 - DE - Barilla - Script 2 - Creative 5,Adset #1,120233621148080226,120233621146590226,2025-07-31,2,2,100.0,0.0,0.67,1.34,2,0,-100.0,0.0,-1.34
30-07-2025 - DE - Barilla - Script 2 - Creative 6,Adset #1,120233621167440226,120233621164830226,2025-07-30,10,5,50.0,10.0,0.357,3.57,9,1,26.05,4.5,0.93
30-07-2025 - DE - Barilla - Script 2 - Creative 6,Adset #1,120233621167440226,120233621164830226,2025-07-31,8,7,87.5,0.0,0.5988,4.79,7,0,-100.0,0.0,-4.79
30-07-2025 - DE - Barilla - Script 2 - Creative 7,Adset #1,120233621197100226,120233621196770226,2025-07-30,8,4,50.0,0.0,0.4188,3.35,8,0,-100.0,0.0,-3.35
30-07-2025 - DE - Barilla - Script 2 - Creative 7,Adset #1,120233621197100226,120233621196770226,2025-07-31,16,11,68.75,12.5,0.385,6.16,13,2,46.1,9.0,2.84
30-07-2025 - DE - Barilla - Script 2 - Creative 8,Adset #1,120233621223710226,120233621223110226,2025-07-30,1,1,100.0,100.0,3.52,3.52,1,1,27.84,4.5,0.98
30-07-2025 - DE - Barilla - Script 2 - Creative 8,Adset #1,120233621223710226,120233621223110226,2025-07-31,10,6,60.0,0.0,0.5,5.0,7,0,-100.0,0.0,-5.0
30-07-2025 - DE - Barilla - Script 2 - Creative 9,Adset #1,120233621236540226,120233621235070226,2025-07-30,4,2,50.0,0.0,0.99,3.96,3,0,-100.0,0.0,-3.96
30-07-2025 - DE - Barilla - Script 2 - Creative 9,Adset #1,120233621236540226,120233621235070226,2025-07-31,1,0,0.0,0.0,1.36,1.36,1,0,-100.0,0.0,-1.36
30-07-2025 - DE - Gillette - Creative 1,Adset #1,120228287111870289,120228287111550289,2025-07-30,3,2,66.67,33.33,0.9567,2.87,3,1,56.79,4.5,1.63
30-07-2025 - DE - Gillette - Creative 1,Adset #1,120228287111870289,120228287111550289,2025-07-31,13,7,53.85,7.69,0.2631,3.42,8,1,31.58,4.5,1.08
30-07-2025 - DE - Gillette - Creative 10,Adset #1,120228287730570289,120228287728910289,2025-07-30,4,1,25.0,0.0,0.73,2.92,4,0,-100.0,0.0,-2.92
30-07-2025 - DE - Gillette - Creative 10,Adset #1,120228287730570289,120228287728910289,2025-07-31,8,5,62.5,0.0,0.3675,2.94,8,0,-100.0,0.0,-2.94
30-07-2025 - DE - Gillette - Creative 2,Adset #1,120228287166060289,120228287164830289,2025-07-30,7,6,85.71,14.29,0.4257,2.98,7,1,51.01,4.5,1.52
30-07-2025 - DE - Gillette - Creative 2,Adset #1,120228287166060289,120228287164830289,2025-07-31,5,2,40.0,0.0,0.656,3.28,5,0,-100.0,0.0,-3.28
30-07-2025 - DE - Gillette - Creative 3,Adset #1,120228287326800289,120228287325330289,2025-07-30,6,4,66.67,16.67,0.5667,3.4,5,1,32.35,4.5,1.1
30-07-2025 - DE - Gillette - Creative 3,Adset #1,120228287326800289,120228287325330289,2025-07-31,5,4,80.0,0.0,0.608,3.04,5,0,-100.0,0.0,-3.04
30-07-2025 - DE - Gillette - Creative 4,Adset #1,120228287353760289,120228287351220289,2025-07-30,8,4,50.0,12.5,0.3588,2.87,6,1,56.79,4.5,1.63
30-07-2025 - DE - Gillette - Creative 4,Adset #1,120228287353760289,120228287351220289,2025-07-31,13,6,46.15,0.0,0.2631,3.42,12,0,-100.0,0.0,-3.42
30-07-2025 - DE - Gillette - Creative 5,Adset #1,120228287382980289,120228287381630289,2025-07-30,3,3,100.0,33.33,1.06,3.18,3,1,41.51,4.5,1.32
30-07-2025 - DE - Gillette - Creative 5,Adset #1,120228287382980289,120228287381630289,2025-07-31,14,9,64.29,7.14,0.2293,3.21,10,1,40.19,4.5,1.29
30-07-2025 - DE - Gillette - Creative 6,Adset #1,120228287573670289,120228287572610289,2025-07-30,3,2,66.67,0.0,0.9667,2.9,3,0,-100.0,0.0,-2.9
30-07-2025 - DE - Gillette - Creative 6,Adset #1,120228287573670289,120228287572610289,2025-07-31,6,4,66.67,0.0,0.3733,2.24,5,0,-100.0,0.0,-2.24
30-07-2025 - DE - Gillette - Creative 7,Adset #1,120228287622450289,120228287617100289,2025-07-30,4,3,75.0,0.0,0.7225,2.89,4,0,-100.0,0.0,-2.89
30-07-2025 - DE - Gillette - Creative 7,Adset #1,120228287622450289,120228287617100289,2025-07-31,6,4,66.67,0.0,0.4767,2.86,4,0,-100.0,0.0,-2.86
30-07-2025 - DE - Gillette - Creative 8,Adset #1,120228287661040289,120228287659600289,2025-07-30,4,1,25.0,0.0,0.7625,3.05,3,0,-100.0,0.0,-3.05
30-07-2025 - DE - Gillette - Creative 8,Adset #1,120228287661040289,120228287659600289,2025-07-31,8,5,62.5,0.0,0.3263,2.61,5,0,-100.0,0.0,-2.61
30-07-2025 - DE - Gillette - Creative 9,Adset #1,120228287701670289,120228287699960289,2025-07-30,7,3,42.86,0.0,0.43,3.01,6,0,-100.0,0.0,-3.01
30-07-2025 - DE - Gillette - Creative 9,Adset #1,120228287701670289,120228287699960289,2025-07-31,8,6,75.0,12.5,0.405,3.24,8,1,38.89,4.5,1.26
30-07-2025 - DE - Kinder - Creative 1,Adset #1,120229946704700186,120229946703960186,2025-07-30,4,4,100.0,0.0,0.7575,3.03,3,0,-100.0,0.0,-3.03
30-07-2025 - DE - Kinder - Creative 1,Adset #1,120229946704700186,120229946703960186,2025-07-31,6,6,100.0,0.0,0.3833,2.3,6,0,-100.0,0.0,-2.3
30-07-2025 - DE - Kinder - Creative 10,Adset #1,120229946850180186,120229946849510186,2025-07-30,19,11,57.89,5.26,0.9932,18.87,18,1,-76.15,4.5,-14.37
30-07-2025 - DE - Kinder - Creative 10,Adset #1,120229946850180186,120229946849510186,2025-07-31,1,1,100.0,0.0,0.0,0.0,1,0,0.0,0.0,0.0
30-07-2025 - DE - Kinder - Creative 2,Adset #1,120229946710720186,120229946710570186,2025-07-30,9,4,44.44,11.11,0.3311,2.98,6,1,51.01,4.5,1.52
30-07-2025 - DE - Kinder - Creative 2,Adset #1,120229946710720186,120229946710570186,2025-07-31,3,3,100.0,33.33,1.14,3.42,2,1,31.58,4.5,1.08
30-07-2025 - DE - Kinder - Creative 3,Adset #1,120229946715270186,120229946715050186,2025-07-30,8,5,62.5,0.0,0.3738,2.99,7,0,-100.0,0.0,-2.99
30-07-2025 - DE - Kinder - Creative 3,Adset #1,120229946715270186,120229946715050186,2025-07-31,6,4,66.67,16.67,0.5117,3.07,5,1,46.58,4.5,1.43
30-07-2025 - DE - Kinder - Creative 4,Adset #1,120229946731480186,120229946727160186,2025-07-30,26,18,69.23,19.23,0.3627,9.43,24,5,138.6,22.5,13.07
30-07-2025 - DE - Kinder - Creative 4,Adset #1,120229946731480186,120229946727160186,2025-07-31,48,30,62.5,10.42,0.7019,33.69,42,5,-33.21,22.5,-11.19
30-07-2025 - DE - Kinder - Creative 5,Adset #1,120229946766680186,120229946766240186,2025-07-30,6,5,83.33,0.0,0.5317,3.19,6,0,-100.0,0.0,-3.19
30-07-2025 - DE - Kinder - Creative 5,Adset #1,120229946766680186,120229946766240186,2025-07-31,4,1,25.0,0.0,0.61,2.44,4,0,-100.0,0.0,-2.44
30-07-2025 - DE - Kinder - Creative 6,Adset #1,120229946777140186,120229946776930186,2025-07-30,2,2,100.0,0.0,1.405,2.81,2,0,-100.0,0.0,-2.81
30-07-2025 - DE - Kinder - Creative 6,Adset #1,120229946777140186,120229946776930186,2025-07-31,4,1,25.0,25.0,0.735,2.94,4,1,53.06,4.5,1.56
30-07-2025 - DE - Kinder - Creative 7,Adset #1,120229946793180186,120229946792000186,2025-07-30,14,8,57.14,7.14,0.2364,3.31,11,1,35.95,4.5,1.19
30-07-2025 - DE - Kinder - Creative 7,Adset #1,120229946793180186,120229946792000186,2025-07-31,5,5,100.0,0.0,0.636,3.18,5,0,-100.0,0.0,-3.18
30-07-2025 - DE - Kinder - Creative 8,Adset #1,120229946816300186,120229946816140186,2025-07-30,2,1,50.0,0.0,1.385,2.77,2,0,-100.0,0.0,-2.77
30-07-2025 - DE - Kinder - Creative 8,Adset #1,120229946816300186,120229946816140186,2025-07-31,1,0,0.0,0.0,2.57,2.57,1,0,-100.0,0.0,-2.57
30-07-2025 - DE - Kinder - Creative 9,Adset #1,120229946833630186,120229946831690186,2025-07-30,7,5,71.43,0.0,0.3657,2.56,7,0,-100.0,0.0,-2.56
30-07-2025 - DE - Kinder - Creative 9,Adset #1,120229946833630186,120229946831690186,2025-07-31,6,5,83.33,16.67,0.5167,3.1,6,1,45.16,4.5,1.4
30-07-2025 - SE - Milwaukee - Creative 1,Adset #1,120230908587310153,120230908585800153,2025-07-30,3,2,66.67,66.67,0.1133,0.34,3,2,1488.24,5.4,5.06
30-07-2025 - SE - Milwaukee - Creative 1,Adset #1,120230908587310153,120230908585800153,2025-07-31,10,7,70.0,10.0,0.34,3.4,10,1,-20.59,2.7,-0.7
30-07-2025 - SE - Milwaukee - Creative 10,Adset #1,120230909668710153,120230909667910153,2025-07-31,11,8,72.73,36.36,0.3509,3.86,11,4,179.79,10.8,6.94
30-07-2025 - SE - Milwaukee - Creative 2,Adset #1,120230908687670153,120230908685480153,2025-07-31,5,2,40.0,0.0,0.576,2.88,5,0,-100.0,0.0,-2.88
30-07-2025 - SE - Milwaukee - Creative 3,Adset #1,120230908713730153,120230908712540153,2025-07-30,1,1,100.0,0.0,0.52,0.52,1,0,-100.0,0.0,-0.52
30-07-2025 - SE - Milwaukee - Creative 3,Adset #1,120230908713730153,120230908712540153,2025-07-31,12,5,41.67,16.67,0.2892,3.47,11,2,55.62,5.4,1.93
30-07-2025 - SE - Milwaukee - Creative 4,Adset #1,120230908814990153,120230908813040153,2025-07-30,1,0,0.0,0.0,0.38,0.38,1,0,-100.0,0.0,-0.38
30-07-2025 - SE - Milwaukee - Creative 4,Adset #1,120230908814990153,120230908813040153,2025-07-31,16,12,75.0,12.5,0.2456,3.93,16,2,37.4,5.4,1.47
30-07-2025 - SE - Milwaukee - Creative 5,Adset #1,120230909029540153,120230909028590153,2025-07-30,2,1,50.0,50.0,0.185,0.37,2,1,629.73,2.7,2.33
30-07-2025 - SE - Milwaukee - Creative 5,Adset #1,120230909029540153,120230909028590153,2025-07-31,11,6,54.55,18.18,0.3282,3.61,11,2,49.58,5.4,1.79
30-07-2025 - SE - Milwaukee - Creative 6,Adset #1,120230909257760153,120230909256960153,2025-07-31,11,4,36.36,18.18,0.3545,3.9,10,2,38.46,5.4,1.5
30-07-2025 - SE - Milwaukee - Creative 7,Adset #1,120230909495540153,120230909491210153,2025-07-30,2,0,0.0,0.0,0.185,0.37,2,0,-100.0,0.0,-0.37
30-07-2025 - SE - Milwaukee - Creative 7,Adset #1,120230909495540153,120230909491210153,2025-07-31,13,11,84.62,15.38,0.3015,3.92,13,2,37.76,5.4,1.48
30-07-2025 - SE - Milwaukee - Creative 8,Adset #1,120230909520070153,120230909518650153,2025-07-30,1,1,100.0,0.0,0.28,0.28,1,0,-100.0,0.0,-0.28
30-07-2025 - SE - Milwaukee - Creative 8,Adset #1,120230909520070153,120230909518650153,2025-07-31,11,10,90.91,27.27,0.37,4.07,11,3,99.02,8.1,4.03
30-07-2025 - SE - Milwaukee - Creative 9,Adset #1,120230909615410153,120230909614780153,2025-07-30,3,1,33.33,0.0,0.09,0.27,3,0,-100.0,0.0,-0.27
30-07-2025 - SE - Milwaukee - Creative 9,Adset #1,120230909615410153,120230909614780153,2025-07-31,12,8,66.67,8.33,0.2933,3.52,10,1,-23.3,2.7,-0.82
30-07-2025 - SE - Milwaukee - Overlay - Creative 1,Adset #1,120230909683210153,120230909682040153,2025-07-31,15,7,46.67,20.0,0.248,3.72,14,3,117.74,8.1,4.38
30-07-2025 - SE - Milwaukee - Overlay - Creative 1,Adset #1,120230910054090153,120230910053880153,2025-07-31,12,5,41.67,8.33,0.4117,4.94,12,1,-45.34,2.7,-2.24
30-07-2025 - SE - Milwaukee - Overlay - Creative 10,Adset #1,120230910657140153,120230910653710153,2025-07-31,14,11,78.57,7.14,0.2579,3.61,12,1,-25.21,2.7,-0.91
30-07-2025 - SE - Milwaukee - Overlay - Creative 2,Adset #1,120230909731300153,120230909730910153,2025-07-30,3,0,0.0,0.0,0.0733,0.22,3,0,-100.0,0.0,-0.22
30-07-2025 - SE - Milwaukee - Overlay - Creative 2,Adset #1,120230909731300153,120230909730910153,2025-07-31,16,11,68.75,6.25,0.2175,3.48,13,1,-22.41,2.7,-0.78
30-07-2025 - SE - Milwaukee - Overlay - Creative 2,Adset #1,120230910122800153,120230910122710153,2025-07-31,13,7,53.85,15.38,0.3423,4.45,13,2,21.35,5.4,0.95
30-07-2025 - SE - Milwaukee - Overlay - Creative 3,Adset #1,120230909762630153,120230909762360153,2025-07-30,5,3,60.0,20.0,0.06,0.3,4,1,800.0,2.7,2.4
30-07-2025 - SE - Milwaukee - Overlay - Creative 3,Adset #1,120230909762630153,120230909762360153,2025-07-31,12,5,41.67,16.67,0.29,3.48,9,2,55.17,5.4,1.92
30-07-2025 - SE - Milwaukee - Overlay - Creative 3,Adset #1,120230910216240153,120230910214080153,2025-07-31,11,5,45.45,18.18,0.4055,4.46,11,2,21.08,5.4,0.94
30-07-2025 - SE - Milwaukee - Overlay - Creative 4,Adset #1,120230909821650153,120230909821090153,2025-07-30,1,1,100.0,0.0,0.39,0.39,1,0,-100.0,0.0,-0.39
30-07-2025 - SE - Milwaukee - Overlay - Creative 4,Adset #1,120230909821650153,120230909821090153,2025-07-31,17,8,47.06,0.0,0.2094,3.56,16,0,-100.0,0.0,-3.56
30-07-2025 - SE - Milwaukee - Overlay - Creative 4,Adset #1,120230910479160153,120230910478520153,2025-07-31,16,13,81.25,12.5,0.2806,4.49,15,2,20.27,5.4,0.91
30-07-2025 - SE - Milwaukee - Overlay - Creative 5,Adset #1,120230909840240153,120230909839290153,2025-07-30,4,3,75.0,25.0,0.1025,0.41,4,1,558.54,2.7,2.29
30-07-2025 - SE - Milwaukee - Overlay - Creative 5,Adset #1,120230909840240153,120230909839290153,2025-07-31,15,6,40.0,6.67,0.2413,3.62,13,1,-25.41,2.7,-0.92
30-07-2025 - SE - Milwaukee - Overlay - Creative 5,Adset #1,120230910491590153,120230910490760153,2025-07-31,19,12,63.16,0.0,0.21,3.99,16,0,-100.0,0.0,-3.99
30-07-2025 - SE - Milwaukee - Overlay - Creative 6,Adset #1,120230909857850153,120230909857230153,2025-07-31,20,10,50.0,25.0,0.1835,3.67,20,5,267.85,13.5,9.83
30-07-2025 - SE - Milwaukee - Overlay - Creative 6,Adset #1,120230910504350153,120230910504120153,2025-07-31,23,10,43.48,4.35,0.2239,5.15,20,1,-47.57,2.7,-2.45
30-07-2025 - SE - Milwaukee - Overlay - Creative 7,Adset #1,120230909876540153,120230909874910153,2025-07-31,12,5,41.67,0.0,0.3175,3.81,12,0,-100.0,0.0,-3.81
30-07-2025 - SE - Milwaukee - Overlay - Creative 7,Adset #1,120230910518820153,120230910518270153,2025-07-31,3,2,66.67,66.67,1.4167,4.25,3,2,27.06,5.4,1.15
30-07-2025 - SE - Milwaukee - Overlay - Creative 8,Adset #1,120230910547190153,120230910544300153,2025-07-31,22,10,45.45,9.09,0.2018,4.44,18,2,21.62,5.4,0.96
30-07-2025 - SE - Milwaukee - Overlay - Creative 9,Adset #1,120230910560670153,120230910559910153,2025-07-31,12,8,66.67,8.33,0.32,3.84,10,1,-29.69,2.7,-1.14
31-07-2025 - DE - Kinder - Creative 1,Adset #1,120229997299340186,120229997299080186,2025-07-31,6,3,50.0,0.0,0.3633,2.18,5,0,-100.0,0.0,-2.18
31-07-2025 - DE - Kinder - Creative 10,Adset #1,120229997580390186,120229997579570186,2025-07-31,4,1,25.0,0.0,0.5075,2.03,4,0,-100.0,0.0,-2.03
31-07-2025 - DE - Kinder - Creative 2,Adset #1,120229997310260186,120229997310080186,2025-07-31,7,3,42.86,0.0,0.2857,2.0,5,0,-100.0,0.0,-2.0
31-07-2025 - DE - Kinder - Creative 3,Adset #1,120229997321830186,120229997320480186,2025-07-31,7,3,42.86,0.0,0.28,1.96,6,0,-100.0,0.0,-1.96
31-07-2025 - DE - Kinder - Creative 4,Adset #1,120229997341280186,120229997340890186,2025-07-31,7,1,14.29,0.0,0.2771,1.94,6,0,-100.0,0.0,-1.94
31-07-2025 - DE - Kinder - Creative 5,Adset #1,120229997396810186,120229997396110186,2025-07-31,2,0,0.0,0.0,1.08,2.16,2,0,-100.0,0.0,-2.16
31-07-2025 - DE - Kinder - Creative 6,Adset #1,120229997410070186,120229997409070186,2025-07-31,3,2,66.67,0.0,0.6367,1.91,2,0,-100.0,0.0,-1.91
31-07-2025 - DE - Kinder - Creative 7,Adset #1,120229997517470186,120229997514170186,2025-07-31,5,3,60.0,0.0,0.41,2.05,5,0,-100.0,0.0,-2.05
31-07-2025 - DE - Kinder - Creative 8,Adset #1,120229997537890186,120229997537000186,2025-07-31,3,2,66.67,0.0,0.6833,2.05,3,0,-100.0,0.0,-2.05
31-07-2025 - DE - Kinder - Creative 9,Adset #1,120229997562030186,120229997560990186,2025-07-31,8,4,50.0,0.0,0.2313,1.85,5,0,-100.0,0.0,-1.85
31-07-2025 - DE - Kinder - Overlay - Creative 1,Adset #1,120229997612310186,120229997611840186,2025-07-31,3,0,0.0,0.0,0.6333,1.9,2,0,-100.0,0.0,-1.9
31-07-2025 - DE - Kinder - Overlay - Creative 10,Adset #1,120229997794950186,120229997791310186,2025-07-31,4,1,25.0,0.0,0.5375,2.15,4,0,-100.0,0.0,-2.15
31-07-2025 - DE - Kinder - Overlay - Creative 2,Adset #1,120229997634760186,120229997634360186,2025-07-31,2,2,100.0,0.0,1.045,2.09,2,0,-100.0,0.0,-2.09
31-07-2025 - DE - Kinder - Overlay - Creative 3,Adset #1,120229997655830186,120229997654220186,2025-07-31,1,1,100.0,0.0,2.05,2.05,1,0,-100.0,0.0,-2.05
31-07-2025 - DE - Kinder - Overlay - Creative 4,Adset #1,120229997676210186,120229997675720186,2025-07-31,1,1,100.0,0.0,2.29,2.29,1,0,-100.0,0.0,-2.29
31-07-2025 - DE - Kinder - Overlay - Creative 5,Adset #1,120229997692580186,120229997690890186,2025-07-31,9,6,66.67,22.22,0.2133,1.92,8,2,368.75,9.0,7.08
31-07-2025 - DE - Kinder - Overlay - Creative 6,Adset #1,120229997722340186,120229997719880186,2025-07-31,4,1,25.0,0.0,0.48,1.92,4,0,-100.0,0.0,-1.92
31-07-2025 - DE - Kinder - Overlay - Creative 7,Adset #1,120229997737840186,120229997736530186,2025-07-31,6,2,33.33,0.0,0.36,2.16,4,0,-100.0,0.0,-2.16
31-07-2025 - DE - Kinder - Overlay - Creative 8,Adset #1,120229997751390186,120229997750230186,2025-07-31,2,0,0.0,0.0,0.89,1.78,2,0,-100.0,0.0,-1.78
31-07-2025 - DE - Kinder - Overlay - Creative 9,Adset #1,120229997761670186,120229997760800186,2025-07-31,5,3,60.0,0.0,0.396,1.98,5,0,-100.0,0.0,-1.98
31-07-2025 - DE - Rituals - Karte - Overlay - Creative 5,Adset #1,120231238304360045,120231238303760045,2025-07-31,1,1,100.0,0.0,0.0,0.0,1,0,0.0,0.0,0.0
31-07-2025 - NZ - Dove - Creative 1,Adset #1,120232175068020013,120232175064040013,2025-07-31,1,0,0.0,0.0,0.0,0.0,1,0,0.0,0.0,0.0
31-07-2025 - NZ - Dove - Creative 2,Adset #1,120232175103960013,120232175103860013,2025-07-31,1,0,0.0,0.0,0.63,0.63,1,0,-100.0,0.0,-0.63
31-07-2025 - NZ - Dove - Creative 3,Adset #1,120232175117260013,120232175116900013,2025-07-31,7,6,85.71,28.57,0.0729,0.51,7,2,605.88,3.6,3.09
31-07-2025 - NZ - Dove - Creative 4,Adset #1,120232175132670013,120232175132320013,2025-07-31,3,2,66.67,0.0,0.1733,0.52,2,0,-100.0,0.0,-0.52
31-07-2025 - NZ - Dove - Creative 5,Adset #1,120232175163310013,120232175163120013,2025-07-31,2,1,50.0,0.0,0.27,0.54,2,0,-100.0,0.0,-0.54
31-07-2025 - NZ - Dove - Overlay - Creative 1,Adset #1,120232175169570013,120232175168850013,2025-07-31,2,1,50.0,0.0,0.3,0.6,2,0,-100.0,0.0,-0.6
31-07-2025 - NZ - Dove - Overlay - Creative 2,Adset #1,120232175197700013,120232175197320013,2025-07-31,1,0,0.0,0.0,0.59,0.59,1,0,-100.0,0.0,-0.59
31-07-2025 - NZ - Dove - Overlay - Creative 3,Adset #1,120232175214540013,120232175214410013,2025-07-31,3,0,0.0,0.0,0.18,0.54,3,0,-100.0,0.0,-0.54
31-07-2025 - NZ - Dove - Overlay - Creative 5,Adset #1,120232175239120013,120232175238590013,2025-07-31,4,2,50.0,25.0,0.2275,0.91,3,1,97.8,1.8,0.89
